-- phpMyAdmin SQL Dump
-- version 5.1.0
-- https://www.phpmyadmin.net/
--
-- Host: localhost
-- Generation Time: Jun 23, 2021 at 04:03 PM
-- Server version: 5.7.24
-- PHP Version: 7.4.18

SET SQL_MODE = "NO_AUTO_VALUE_ON_ZERO";
START TRANSACTION;
SET time_zone = "+00:00";


/*!40101 SET @OLD_CHARACTER_SET_CLIENT=@@CHARACTER_SET_CLIENT */;
/*!40101 SET @OLD_CHARACTER_SET_RESULTS=@@CHARACTER_SET_RESULTS */;
/*!40101 SET @OLD_COLLATION_CONNECTION=@@COLLATION_CONNECTION */;
/*!40101 SET NAMES utf8mb4 */;

--
-- Database: `dev_tourism`
--

-- --------------------------------------------------------

--
-- Table structure for table `categories`
--

CREATE TABLE `categories` (
  `id` int(10) UNSIGNED NOT NULL,
  `name` varchar(255) COLLATE utf8mb4_unicode_ci NOT NULL,
  `slug` varchar(255) COLLATE utf8mb4_unicode_ci NOT NULL,
  `created_at` timestamp NULL DEFAULT NULL,
  `updated_at` timestamp NULL DEFAULT NULL
) ENGINE=InnoDB DEFAULT CHARSET=utf8mb4 COLLATE=utf8mb4_unicode_ci;

--
-- Dumping data for table `categories`
--

INSERT INTO `categories` (`id`, `name`, `slug`, `created_at`, `updated_at`) VALUES
(3, 'ธรรมชาติ', 'ธรรมชาติ', '2021-04-28 18:12:43', '2021-04-28 18:12:43'),
(4, 'วัฒนธรรม', 'วัฒนธรรม', '2021-04-28 18:12:58', '2021-04-28 18:12:58'),
(5, 'ประวัติศาสตร์', 'ประวัติศาสตร์', '2021-04-28 18:13:11', '2021-04-28 18:13:11');

-- --------------------------------------------------------

--
-- Table structure for table `comments`
--

CREATE TABLE `comments` (
  `id` int(10) UNSIGNED NOT NULL,
  `score` int(11) DEFAULT NULL,
  `comment` text COLLATE utf8mb4_unicode_ci,
  `is_approved` int(11) DEFAULT NULL,
  `user_id` int(11) DEFAULT NULL,
  `created_at` timestamp NULL DEFAULT NULL,
  `updated_at` timestamp NULL DEFAULT NULL,
  `tourist_attraction_id` int(11) DEFAULT NULL,
  `hostel_id` int(11) DEFAULT NULL,
  `review_id` int(11) DEFAULT NULL
) ENGINE=InnoDB DEFAULT CHARSET=utf8mb4 COLLATE=utf8mb4_unicode_ci;

--
-- Dumping data for table `comments`
--

INSERT INTO `comments` (`id`, `score`, `comment`, `is_approved`, `user_id`, `created_at`, `updated_at`, `tourist_attraction_id`, `hostel_id`, `review_id`) VALUES
(1, 0, 'test', NULL, NULL, '2021-06-13 07:39:17', '2021-06-13 07:39:17', NULL, NULL, NULL),
(2, 0, 'test', 0, 1, '2021-06-13 07:41:44', '2021-06-13 07:41:44', NULL, NULL, NULL),
(3, 5, 'ssssss', 0, 1, '2021-06-13 07:42:27', '2021-06-13 07:42:27', NULL, NULL, NULL),
(9, 5, 'test', 0, 1, '2021-06-14 06:35:23', '2021-06-14 06:35:23', 83, NULL, NULL),
(10, 2, 'test2', 0, 1, '2021-06-14 06:35:37', '2021-06-14 06:35:37', 83, NULL, NULL),
(15, 5, 'ssss', 0, 1, '2021-06-14 20:18:45', '2021-06-14 20:18:45', NULL, 3, NULL),
(16, 5, 'แนะนำ', 0, 1, '2021-06-14 20:19:28', '2021-06-14 20:19:28', NULL, 1, NULL),
(19, 0, 'testset', 0, 1, '2021-06-15 06:54:45', '2021-06-15 06:54:45', 82, NULL, NULL),
(20, 4, 'test', 0, 1, '2021-06-16 04:56:00', '2021-06-16 04:56:00', NULL, NULL, 2),
(22, 4, 'auhter', 0, 1, '2021-06-16 04:58:56', '2021-06-16 04:58:56', NULL, NULL, 3),
(27, 0, 'ะำหะำหะห', 0, 12, '2021-06-18 07:01:09', '2021-06-18 07:01:09', NULL, NULL, 12),
(28, 4, 'ฟฟฟฟฟฟฟฟฟฟฟฟฟฟฟฟฟฟ', 0, 12, '2021-06-18 07:01:18', '2021-06-18 07:01:18', NULL, NULL, 12),
(30, 5, 'good', 0, 14, '2021-06-20 03:31:57', '2021-06-20 03:31:57', 86, NULL, NULL),
(31, 5, 'good', 0, 14, '2021-06-20 03:32:12', '2021-06-20 03:32:12', 82, NULL, NULL),
(32, 5, 'vary good', 0, 15, '2021-06-20 05:18:48', '2021-06-20 05:18:48', 86, NULL, NULL),
(33, 0, 'test', 0, 1, '2021-06-23 08:41:54', '2021-06-23 08:41:54', 86, NULL, NULL),
(34, 1, 'test', 0, 1, '2021-06-23 08:46:24', '2021-06-23 08:46:24', 82, NULL, NULL),
(35, 0, 'twat', 0, 1, '2021-06-23 08:51:14', '2021-06-23 08:51:14', NULL, NULL, 2);

-- --------------------------------------------------------

--
-- Table structure for table `data_rows`
--

CREATE TABLE `data_rows` (
  `id` int(10) UNSIGNED NOT NULL,
  `data_type_id` int(10) UNSIGNED NOT NULL,
  `field` varchar(255) COLLATE utf8mb4_unicode_ci NOT NULL,
  `type` varchar(255) COLLATE utf8mb4_unicode_ci NOT NULL,
  `display_name` varchar(255) COLLATE utf8mb4_unicode_ci NOT NULL,
  `required` tinyint(1) NOT NULL DEFAULT '0',
  `browse` tinyint(1) NOT NULL DEFAULT '1',
  `read` tinyint(1) NOT NULL DEFAULT '1',
  `edit` tinyint(1) NOT NULL DEFAULT '1',
  `add` tinyint(1) NOT NULL DEFAULT '1',
  `delete` tinyint(1) NOT NULL DEFAULT '1',
  `details` text COLLATE utf8mb4_unicode_ci,
  `order` int(11) NOT NULL DEFAULT '1'
) ENGINE=InnoDB DEFAULT CHARSET=utf8mb4 COLLATE=utf8mb4_unicode_ci;

--
-- Dumping data for table `data_rows`
--

INSERT INTO `data_rows` (`id`, `data_type_id`, `field`, `type`, `display_name`, `required`, `browse`, `read`, `edit`, `add`, `delete`, `details`, `order`) VALUES
(1, 1, 'id', 'number', 'ID', 1, 0, 0, 0, 0, 0, '{}', 1),
(2, 1, 'name', 'text', 'Name', 1, 1, 1, 1, 1, 1, '{}', 2),
(3, 1, 'email', 'text', 'Email', 1, 1, 1, 1, 1, 1, '{}', 3),
(4, 1, 'password', 'password', 'Password', 1, 0, 0, 1, 1, 0, '{}', 4),
(5, 1, 'remember_token', 'text', 'Remember Token', 0, 0, 0, 0, 0, 0, '{}', 5),
(6, 1, 'created_at', 'timestamp', 'Created At', 0, 1, 1, 0, 0, 0, '{}', 6),
(7, 1, 'updated_at', 'timestamp', 'Updated At', 0, 0, 0, 0, 0, 0, '{}', 7),
(8, 1, 'avatar', 'image', 'Avatar', 0, 1, 1, 1, 1, 1, '{}', 8),
(9, 1, 'user_belongsto_role_relationship', 'relationship', 'Role', 0, 1, 1, 1, 1, 0, '{\"model\":\"TCG\\\\Voyager\\\\Models\\\\Role\",\"table\":\"roles\",\"type\":\"belongsTo\",\"column\":\"role_id\",\"key\":\"id\",\"label\":\"display_name\",\"pivot_table\":\"roles\",\"pivot\":\"0\",\"taggable\":\"0\"}', 10),
(10, 1, 'user_belongstomany_role_relationship', 'relationship', 'Roles', 0, 1, 1, 1, 1, 0, '{\"model\":\"TCG\\\\Voyager\\\\Models\\\\Role\",\"table\":\"roles\",\"type\":\"belongsToMany\",\"column\":\"id\",\"key\":\"id\",\"label\":\"display_name\",\"pivot_table\":\"user_roles\",\"pivot\":\"1\",\"taggable\":\"0\"}', 11),
(11, 1, 'settings', 'hidden', 'Settings', 0, 0, 0, 0, 0, 0, '{}', 12),
(12, 2, 'id', 'number', 'ID', 1, 0, 0, 0, 0, 0, NULL, 1),
(13, 2, 'name', 'text', 'Name', 1, 1, 1, 1, 1, 1, NULL, 2),
(14, 2, 'created_at', 'timestamp', 'Created At', 0, 0, 0, 0, 0, 0, NULL, 3),
(15, 2, 'updated_at', 'timestamp', 'Updated At', 0, 0, 0, 0, 0, 0, NULL, 4),
(16, 3, 'id', 'number', 'ID', 1, 0, 0, 0, 0, 0, NULL, 1),
(17, 3, 'name', 'text', 'Name', 1, 1, 1, 1, 1, 1, NULL, 2),
(18, 3, 'created_at', 'timestamp', 'Created At', 0, 0, 0, 0, 0, 0, NULL, 3),
(19, 3, 'updated_at', 'timestamp', 'Updated At', 0, 0, 0, 0, 0, 0, NULL, 4),
(20, 3, 'display_name', 'text', 'Display Name', 1, 1, 1, 1, 1, 1, NULL, 5),
(21, 1, 'role_id', 'text', 'Role', 0, 1, 1, 1, 1, 1, '{}', 9),
(22, 4, 'id', 'number', 'ID', 1, 0, 0, 0, 0, 0, '{}', 1),
(25, 4, 'name', 'text', 'Name', 1, 1, 1, 1, 1, 1, '{\"validation\":{\"rule\":[\"required\"]}}', 4),
(26, 4, 'slug', 'text', 'Slug', 1, 1, 1, 1, 1, 1, '{\"slugify\":{\"origin\":\"name\"},\"validation\":{\"rule\":[\"required\"]}}', 5),
(27, 4, 'created_at', 'timestamp', 'Created At', 0, 0, 1, 0, 0, 0, '{}', 6),
(28, 4, 'updated_at', 'timestamp', 'Updated At', 0, 0, 0, 0, 0, 0, '{}', 7),
(29, 5, 'id', 'number', 'ID', 1, 0, 0, 0, 0, 0, NULL, 1),
(30, 5, 'author_id', 'text', 'Author', 1, 0, 1, 1, 0, 1, NULL, 2),
(31, 5, 'category_id', 'text', 'Category', 1, 0, 1, 1, 1, 0, NULL, 3),
(32, 5, 'title', 'text', 'Title', 1, 1, 1, 1, 1, 1, NULL, 4),
(33, 5, 'excerpt', 'text_area', 'Excerpt', 1, 0, 1, 1, 1, 1, NULL, 5),
(34, 5, 'body', 'rich_text_box', 'Body', 1, 0, 1, 1, 1, 1, NULL, 6),
(35, 5, 'image', 'image', 'Post Image', 0, 1, 1, 1, 1, 1, '{\"resize\":{\"width\":\"1000\",\"height\":\"null\"},\"quality\":\"70%\",\"upsize\":true,\"thumbnails\":[{\"name\":\"medium\",\"scale\":\"50%\"},{\"name\":\"small\",\"scale\":\"25%\"},{\"name\":\"cropped\",\"crop\":{\"width\":\"300\",\"height\":\"250\"}}]}', 7),
(36, 5, 'slug', 'text', 'Slug', 1, 0, 1, 1, 1, 1, '{\"slugify\":{\"origin\":\"title\",\"forceUpdate\":true},\"validation\":{\"rule\":\"unique:posts,slug\"}}', 8),
(37, 5, 'meta_description', 'text_area', 'Meta Description', 1, 0, 1, 1, 1, 1, NULL, 9),
(38, 5, 'meta_keywords', 'text_area', 'Meta Keywords', 1, 0, 1, 1, 1, 1, NULL, 10),
(39, 5, 'status', 'select_dropdown', 'Status', 1, 1, 1, 1, 1, 1, '{\"default\":\"DRAFT\",\"options\":{\"PUBLISHED\":\"published\",\"DRAFT\":\"draft\",\"PENDING\":\"pending\"}}', 11),
(40, 5, 'created_at', 'timestamp', 'Created At', 0, 1, 1, 0, 0, 0, NULL, 12),
(41, 5, 'updated_at', 'timestamp', 'Updated At', 0, 0, 0, 0, 0, 0, NULL, 13),
(42, 5, 'seo_title', 'text', 'SEO Title', 0, 1, 1, 1, 1, 1, NULL, 14),
(43, 5, 'featured', 'checkbox', 'Featured', 1, 1, 1, 1, 1, 1, NULL, 15),
(44, 6, 'id', 'number', 'ID', 1, 0, 0, 0, 0, 0, NULL, 1),
(45, 6, 'author_id', 'text', 'Author', 1, 0, 0, 0, 0, 0, NULL, 2),
(46, 6, 'title', 'text', 'Title', 1, 1, 1, 1, 1, 1, NULL, 3),
(47, 6, 'excerpt', 'text_area', 'Excerpt', 1, 0, 1, 1, 1, 1, NULL, 4),
(48, 6, 'body', 'rich_text_box', 'Body', 1, 0, 1, 1, 1, 1, NULL, 5),
(49, 6, 'slug', 'text', 'Slug', 1, 0, 1, 1, 1, 1, '{\"slugify\":{\"origin\":\"title\"},\"validation\":{\"rule\":\"unique:pages,slug\"}}', 6),
(50, 6, 'meta_description', 'text', 'Meta Description', 1, 0, 1, 1, 1, 1, NULL, 7),
(51, 6, 'meta_keywords', 'text', 'Meta Keywords', 1, 0, 1, 1, 1, 1, NULL, 8),
(52, 6, 'status', 'select_dropdown', 'Status', 1, 1, 1, 1, 1, 1, '{\"default\":\"INACTIVE\",\"options\":{\"INACTIVE\":\"INACTIVE\",\"ACTIVE\":\"ACTIVE\"}}', 9),
(53, 6, 'created_at', 'timestamp', 'Created At', 1, 1, 1, 0, 0, 0, NULL, 10),
(54, 6, 'updated_at', 'timestamp', 'Updated At', 1, 0, 0, 0, 0, 0, NULL, 11),
(55, 6, 'image', 'image', 'Page Image', 0, 1, 1, 1, 1, 1, NULL, 12),
(56, 7, 'id', 'text', 'Id', 1, 0, 0, 0, 0, 0, '{}', 1),
(57, 7, 'name', 'text', 'Name', 0, 1, 1, 1, 1, 1, '{\"validation\":{\"rule\":[\"required\"]}}', 2),
(58, 7, 'created_at', 'timestamp', 'Created At', 0, 0, 0, 0, 0, 0, '{}', 5),
(59, 7, 'updated_at', 'timestamp', 'Updated At', 0, 0, 0, 0, 0, 0, '{}', 6),
(60, 8, 'id', 'text', 'Id', 1, 0, 0, 0, 0, 0, '{}', 1),
(61, 8, 'name', 'text', 'Name', 0, 1, 1, 1, 1, 1, '{\"validation\":{\"rule\":[\"required\"]}}', 2),
(62, 8, 'body', 'rich_text_box', 'Body', 0, 0, 1, 1, 1, 1, '{\"validation\":{\"rule\":[\"required\"]}}', 3),
(63, 8, 'cover_image', 'image', 'Cover Image', 0, 1, 1, 1, 1, 1, '{\"validation\":{\"edit\":{\"rule\":\"nullable\"},\"add\":{\"rule\":\"required\"}}}', 4),
(64, 8, 'location', 'text_area', 'Location', 0, 0, 1, 1, 1, 1, '{\"validation\":{\"rule\":[\"required\"]}}', 5),
(65, 8, 'created_at', 'timestamp', 'Created At', 0, 0, 0, 0, 0, 0, '{}', 8),
(66, 8, 'updated_at', 'timestamp', 'Updated At', 0, 0, 0, 0, 0, 0, '{}', 9),
(67, 8, 'category_id', 'text', 'Category Id', 0, 0, 0, 1, 1, 0, '{\"validation\":{\"rule\":[\"required\"]}}', 10),
(68, 8, 'tourist_attraction_belongsto_category_relationship', 'relationship', 'categories', 0, 1, 1, 1, 1, 1, '{\"model\":\"App\\\\Category\",\"table\":\"categories\",\"type\":\"belongsTo\",\"column\":\"category_id\",\"key\":\"id\",\"label\":\"name\",\"pivot_table\":\"categories\",\"pivot\":\"0\",\"taggable\":\"0\"}', 11),
(69, 8, 'province_id', 'text', 'Province Id', 0, 0, 0, 1, 1, 0, '{\"validation\":{\"rule\":[\"required\"]}}', 12),
(70, 8, 'tourist_attraction_belongsto_province_relationship', 'relationship', 'provinces', 0, 1, 1, 1, 1, 1, '{\"model\":\"App\\\\Province\",\"table\":\"provinces\",\"type\":\"belongsTo\",\"column\":\"province_id\",\"key\":\"id\",\"label\":\"name\",\"pivot_table\":\"categories\",\"pivot\":\"0\",\"taggable\":\"0\"}', 13),
(72, 7, 'cover_image', 'image', 'Cover Image', 0, 1, 1, 1, 1, 1, '{\"resize\":{\"width\":\"1920\",\"height\":\"null\"},\"quality\":\"100%\",\"upsize\":true,\"thumbnails\":[{\"name\":\"medium\",\"scale\":\"50%\"},{\"name\":\"small\",\"scale\":\"25%\"},{\"name\":\"cropped\",\"crop\":{\"width\":\"1920\",\"height\":\"260\"}}],\"validation\":{\"rule\":[\"required\"]}}', 4),
(73, 7, 'description', 'text', 'Description', 0, 1, 1, 1, 1, 1, '{\"validation\":{\"rule\":[\"required\"]}}', 3),
(74, 7, 'order', 'text', 'Order', 0, 0, 0, 1, 1, 1, '{}', 7),
(75, 8, 'gallery_images', 'multiple_images', 'Gallery Images', 0, 0, 1, 1, 1, 1, '{\"validation\":{\"edit\":{\"rule\":\"nullable\"},\"add\":{\"rule\":\"required\"}}}', 6),
(76, 8, 'panorama_image', 'image', 'Panorama Image', 0, 0, 1, 1, 1, 1, '{\"validation\":{\"edit\":{\"rule\":\"nullable\"},\"add\":{\"rule\":\"required\"}}}', 7),
(77, 9, 'id', 'text', 'Id', 1, 0, 0, 0, 0, 0, '{}', 1),
(78, 9, 'name', 'text', 'Name', 0, 1, 1, 1, 1, 1, '{\"validation\":{\"rule\":[\"required\"]}}', 2),
(79, 9, 'contact', 'text_area', 'Contact', 0, 1, 1, 1, 1, 1, '{\"validation\":{\"rule\":[\"required\"]}}', 3),
(80, 9, 'info', 'rich_text_box', 'Info', 0, 0, 1, 1, 1, 1, '{\"validation\":{\"rule\":[\"required\"]}}', 5),
(81, 9, 'gallery_images', 'multiple_images', 'Gallery Images', 0, 0, 1, 1, 1, 1, '{\"validation\":{\"edit\":{\"rule\":\"nullable\"},\"add\":{\"rule\":\"required\"}}}', 7),
(82, 9, 'province_id', 'text', 'Province Id', 0, 0, 0, 1, 1, 1, '{\"validation\":{\"rule\":[\"required\"]}}', 9),
(83, 9, 'created_at', 'timestamp', 'Created At', 0, 0, 1, 0, 0, 1, '{}', 10),
(84, 9, 'updated_at', 'timestamp', 'Updated At', 0, 0, 0, 0, 0, 0, '{}', 11),
(85, 9, 'hostel_belongsto_province_relationship', 'relationship', 'provinces', 0, 1, 1, 1, 1, 1, '{\"model\":\"App\\\\Province\",\"table\":\"provinces\",\"type\":\"belongsTo\",\"column\":\"province_id\",\"key\":\"id\",\"label\":\"name\",\"pivot_table\":\"categories\",\"pivot\":\"0\",\"taggable\":\"0\"}', 12),
(86, 9, 'cover_image', 'image', 'Cover Image', 0, 0, 1, 1, 1, 1, '{\"validation\":{\"edit\":{\"rule\":\"nullable\"},\"add\":{\"rule\":\"required\"}}}', 6),
(87, 10, 'id', 'text', 'Id', 1, 0, 0, 0, 0, 0, '{}', 1),
(88, 10, 'name', 'text', 'Name', 0, 1, 1, 1, 1, 1, '{\"validation\":{\"rule\":[\"required\"]}}', 2),
(89, 10, 'budget', 'number', 'Budget', 0, 0, 1, 1, 1, 1, '{\"validation\":{\"rule\":[\"required\"]}}', 3),
(90, 10, 'duration', 'number', 'Duration (Date)', 0, 0, 1, 1, 1, 1, '{\"validation\":{\"rule\":[\"required\"]}}', 4),
(91, 10, 'body', 'rich_text_box', 'Body', 0, 0, 1, 1, 1, 1, '{\"validation\":{\"rule\":[\"required\"]}}', 5),
(92, 10, 'cover_image', 'image', 'Cover Image', 0, 1, 1, 1, 1, 1, '{\"validation\":{\"rule\":[\"required\"]}}', 6),
(93, 10, 'province_id', 'text', 'Province Id', 0, 0, 0, 1, 1, 1, '{\"validation\":{\"rule\":[\"required\"]}}', 7),
(94, 10, 'category_id', 'text', 'Category Id', 0, 0, 0, 1, 1, 1, '{\"validation\":{\"rule\":[\"required\"]}}', 8),
(95, 10, 'created_at', 'timestamp', 'Created At', 0, 0, 0, 1, 0, 1, '{}', 9),
(96, 10, 'updated_at', 'timestamp', 'Updated At', 0, 0, 0, 0, 0, 0, '{}', 10),
(97, 10, 'review_hasone_category_relationship', 'relationship', 'categories', 0, 1, 1, 1, 1, 1, '{\"model\":\"App\\\\Category\",\"table\":\"categories\",\"type\":\"belongsTo\",\"column\":\"category_id\",\"key\":\"id\",\"label\":\"name\",\"pivot_table\":\"categories\",\"pivot\":\"0\",\"taggable\":\"0\"}', 11),
(98, 10, 'review_belongsto_province_relationship', 'relationship', 'provinces', 0, 1, 1, 1, 1, 1, '{\"model\":\"App\\\\Province\",\"table\":\"provinces\",\"type\":\"belongsTo\",\"column\":\"province_id\",\"key\":\"id\",\"label\":\"name\",\"pivot_table\":\"categories\",\"pivot\":\"0\",\"taggable\":\"0\"}', 12),
(99, 10, 'user_id', 'hidden', 'User Id', 0, 0, 0, 1, 1, 1, '{}', 11),
(100, 1, 'email_verified_at', 'timestamp', 'Email Verified At', 0, 0, 0, 0, 0, 0, '{}', 6),
(101, 9, 'panorama_image', 'image', 'Panorama Image', 0, 0, 1, 1, 1, 1, '{}', 8),
(102, 9, 'location', 'text_area', 'Location', 0, 0, 1, 1, 1, 1, '{}', 4);

-- --------------------------------------------------------

--
-- Table structure for table `data_types`
--

CREATE TABLE `data_types` (
  `id` int(10) UNSIGNED NOT NULL,
  `name` varchar(255) COLLATE utf8mb4_unicode_ci NOT NULL,
  `slug` varchar(255) COLLATE utf8mb4_unicode_ci NOT NULL,
  `display_name_singular` varchar(255) COLLATE utf8mb4_unicode_ci NOT NULL,
  `display_name_plural` varchar(255) COLLATE utf8mb4_unicode_ci NOT NULL,
  `icon` varchar(255) COLLATE utf8mb4_unicode_ci DEFAULT NULL,
  `model_name` varchar(255) COLLATE utf8mb4_unicode_ci DEFAULT NULL,
  `policy_name` varchar(255) COLLATE utf8mb4_unicode_ci DEFAULT NULL,
  `controller` varchar(255) COLLATE utf8mb4_unicode_ci DEFAULT NULL,
  `description` varchar(255) COLLATE utf8mb4_unicode_ci DEFAULT NULL,
  `generate_permissions` tinyint(1) NOT NULL DEFAULT '0',
  `server_side` tinyint(4) NOT NULL DEFAULT '0',
  `details` text COLLATE utf8mb4_unicode_ci,
  `created_at` timestamp NULL DEFAULT NULL,
  `updated_at` timestamp NULL DEFAULT NULL
) ENGINE=InnoDB DEFAULT CHARSET=utf8mb4 COLLATE=utf8mb4_unicode_ci;

--
-- Dumping data for table `data_types`
--

INSERT INTO `data_types` (`id`, `name`, `slug`, `display_name_singular`, `display_name_plural`, `icon`, `model_name`, `policy_name`, `controller`, `description`, `generate_permissions`, `server_side`, `details`, `created_at`, `updated_at`) VALUES
(1, 'users', 'users', 'User', 'Users', 'voyager-person', 'TCG\\Voyager\\Models\\User', 'TCG\\Voyager\\Policies\\UserPolicy', 'TCG\\Voyager\\Http\\Controllers\\VoyagerUserController', NULL, 1, 0, '{\"order_column\":null,\"order_display_column\":null,\"order_direction\":\"desc\",\"default_search_key\":null,\"scope\":null}', '2021-04-27 20:27:34', '2021-06-18 18:27:16'),
(2, 'menus', 'menus', 'Menu', 'Menus', 'voyager-list', 'TCG\\Voyager\\Models\\Menu', NULL, '', '', 1, 0, NULL, '2021-04-27 20:27:34', '2021-04-27 20:27:34'),
(3, 'roles', 'roles', 'Role', 'Roles', 'voyager-lock', 'TCG\\Voyager\\Models\\Role', NULL, 'TCG\\Voyager\\Http\\Controllers\\VoyagerRoleController', '', 1, 0, NULL, '2021-04-27 20:27:34', '2021-04-27 20:27:34'),
(4, 'categories', 'categories', 'Category', 'Categories', 'voyager-categories', 'App\\Category', NULL, NULL, NULL, 1, 0, '{\"order_column\":null,\"order_display_column\":null,\"order_direction\":\"desc\",\"default_search_key\":null,\"scope\":null}', '2021-04-27 20:27:35', '2021-04-28 18:21:07'),
(5, 'posts', 'posts', 'Post', 'Posts', 'voyager-news', 'TCG\\Voyager\\Models\\Post', 'TCG\\Voyager\\Policies\\PostPolicy', '', '', 1, 0, NULL, '2021-04-27 20:27:35', '2021-04-27 20:27:35'),
(6, 'pages', 'pages', 'Page', 'Pages', 'voyager-file-text', 'TCG\\Voyager\\Models\\Page', NULL, '', '', 1, 0, NULL, '2021-04-27 20:27:35', '2021-04-27 20:27:35'),
(7, 'provinces', 'provinces', 'Province', 'Provinces', 'voyager-compass', 'App\\Province', NULL, NULL, NULL, 1, 0, '{\"order_column\":\"order\",\"order_display_column\":\"name\",\"order_direction\":\"asc\",\"default_search_key\":\"name\",\"scope\":null}', '2021-04-27 20:33:41', '2021-04-28 21:28:41'),
(8, 'tourist_attractions', 'tourist-attractions', 'Tourist Attraction', 'Tourist Attractions', 'voyager-location', 'App\\TouristAttraction', NULL, NULL, NULL, 1, 0, '{\"order_column\":null,\"order_display_column\":null,\"order_direction\":\"asc\",\"default_search_key\":null,\"scope\":null}', '2021-04-27 20:43:43', '2021-06-21 06:16:30'),
(9, 'hostels', 'hostels', 'Hostel', 'Hostels', 'voyager-company', 'App\\Hostel', NULL, NULL, NULL, 1, 0, '{\"order_column\":null,\"order_display_column\":null,\"order_direction\":\"asc\",\"default_search_key\":null,\"scope\":null}', '2021-06-14 18:44:11', '2021-06-21 06:18:19'),
(10, 'reviews', 'reviews', 'Review', 'Reviews', 'voyager-smile', 'App\\Review', NULL, 'App\\Http\\Controllers\\Voyager\\ReviewController', NULL, 1, 0, '{\"order_column\":null,\"order_display_column\":null,\"order_direction\":\"asc\",\"default_search_key\":null,\"scope\":null}', '2021-06-15 06:43:32', '2021-06-15 08:02:29');

-- --------------------------------------------------------

--
-- Table structure for table `failed_jobs`
--

CREATE TABLE `failed_jobs` (
  `id` bigint(20) UNSIGNED NOT NULL,
  `connection` text COLLATE utf8mb4_unicode_ci NOT NULL,
  `queue` text COLLATE utf8mb4_unicode_ci NOT NULL,
  `payload` longtext COLLATE utf8mb4_unicode_ci NOT NULL,
  `exception` longtext COLLATE utf8mb4_unicode_ci NOT NULL,
  `failed_at` timestamp NOT NULL DEFAULT CURRENT_TIMESTAMP
) ENGINE=InnoDB DEFAULT CHARSET=utf8mb4 COLLATE=utf8mb4_unicode_ci;

-- --------------------------------------------------------

--
-- Table structure for table `hostels`
--

CREATE TABLE `hostels` (
  `id` int(10) UNSIGNED NOT NULL,
  `name` varchar(255) COLLATE utf8mb4_unicode_ci DEFAULT NULL,
  `contact` text COLLATE utf8mb4_unicode_ci,
  `info` text COLLATE utf8mb4_unicode_ci,
  `gallery_images` json DEFAULT NULL,
  `province_id` int(11) DEFAULT NULL,
  `created_at` timestamp NULL DEFAULT NULL,
  `updated_at` timestamp NULL DEFAULT NULL,
  `cover_image` varchar(255) COLLATE utf8mb4_unicode_ci DEFAULT NULL,
  `panorama_image` varchar(255) COLLATE utf8mb4_unicode_ci DEFAULT NULL,
  `location` text COLLATE utf8mb4_unicode_ci
) ENGINE=InnoDB DEFAULT CHARSET=utf8mb4 COLLATE=utf8mb4_unicode_ci;

--
-- Dumping data for table `hostels`
--

INSERT INTO `hostels` (`id`, `name`, `contact`, `info`, `gallery_images`, `province_id`, `created_at`, `updated_at`, `cover_image`, `panorama_image`, `location`) VALUES
(1, 'Atm Service Apartment', 'tel.063 080 2259\r\nfacebook : ATM Apartment', '<div class=\"c-bh-strip   js-property-highlighted-facilities-strip\" style=\"display: flex; -webkit-box-align: start; align-items: flex-start; width: 1100px; color: #262626; font-family: BlinkMacSystemFont, -apple-system, \'Segoe UI\', Roboto, Helvetica, Arial, sans-serif;\">\r\n<div class=\"c-bh-strip__item c-bh-strip__ROOM_17\" style=\"-webkit-box-flex: 1; flex: 1 1 0px; max-width: 100%; padding: 0px 4px 8px; text-align: center; align-self: flex-start;\">\r\n<div class=\"c-bh-strip__label\" style=\"color: #969696; line-height: 20px; margin-top: 8px; text-align: left;\"><span style=\"color: #262626;\">Atm Service Apartment ตั้งอยู่ในอำเภอเมืองยะลา ให้บริการที่พักพร้อมพื้นที่จอดรถส่วนตัวฟรี</span></div>\r\n</div>\r\n</div>\r\n<div class=\"hotel_description_wrapper_exp hp-description\" style=\"float: left; width: 737px; position: relative; padding-bottom: 1em; line-height: 1.4; color: #262626; font-family: BlinkMacSystemFont, -apple-system, \'Segoe UI\', Roboto, Helvetica, Arial, sans-serif;\">\r\n<div class=\"hp_desc_main_content\">\r\n<div id=\"summary\" class=\"\">\r\n<div id=\"property_description_content\">\r\n<p style=\"margin-bottom: 0px;\">ที่พักทุกยูนิตมีพื้นที่นั่งเล่น โทรทัศน์จอแบนพร้อมช่องเคเบิล ห้องน้ำส่วนตัวพร้อมเครื่องใช้ในห้องน้ำฟรีและฝักบัว มีบริการผ้าขนหนูและชุดผ้าเครื่องนอนโดยมีค่าธรรมเนียมเพิ่มเติม</p>\r\n<p style=\"margin-bottom: 0px;\">&nbsp;</p>\r\n<p style=\"margin-bottom: 0px;\">ที่อยู่ 129/64 ถนนผังเมือง 2 ซอยรวมทอง สะเตงนอก, 95000 Yala, ไทย</p>\r\n</div>\r\n</div>\r\n</div>\r\n</div>', '[\"hostels\\\\June2021\\\\M16hHfZmct1s2M8Ze39b.jpg\", \"hostels\\\\June2021\\\\Udx3d3hdzJZx5UHsJ0qy.jpg\", \"hostels\\\\June2021\\\\UNXt1sTKsNXEkP4Tdx7p.jpg\", \"hostels\\\\June2021\\\\fpvpoIbDW86IfbwiZpbj.jpg\", \"hostels\\\\June2021\\\\HPFUIYPE67rTFuLW2pcT.jpg\", \"hostels\\\\June2021\\\\3WbZndLu7MbIH2U26LVC.jpg\", \"hostels\\\\June2021\\\\ojhhRCM5c2fQB1BmlFaz.jpg\", \"hostels\\\\June2021\\\\VSevxCr68jgIMkbyUH3g.jpg\", \"hostels\\\\June2021\\\\6V1Ifp3R8l58ki5XCwnL.jpg\", \"hostels\\\\June2021\\\\u9guJigOMJ2hDeszBM4w.jpg\"]', 1, '2021-06-14 18:57:00', '2021-06-20 02:57:39', 'hostels\\June2021\\lwXELOGWtCLp7h76K89v.jpg', NULL, NULL),
(3, 'เบตง เฮลโล โฮเต็ล Hotel', 'tel. 086 448 8511\r\nfacebook : Betong Hello Hotel - 好来旅馆', '<p style=\"margin: 0px; padding: 0px; border: 0px; font-variant-numeric: inherit; font-variant-east-asian: inherit; font-stretch: inherit; font-size: 16px; line-height: inherit; font-family: Roboto, \'Open Sans\', sans-serif; vertical-align: baseline; color: #1a232c;\">โรงแรม Betong Hello Hotel ระดับ 3 ดาวตั้งอยู่ห่างจากใจกลางเมือง เบตง 4 กม. มีแผนกต้อนรับส่วนหน้า 24 ชั่วโมง, บริการรูมเซอร์วิส และ บริการรับจอดรถ โรงแรมแห่งนี้ตั้งอยู่ห่างจากมัสยิดกลางเบตง Betong City Mosque 0.4 กม. และอยู่ห่างจากHala-Bala Wildlife Sanctuaryโดยใช้เวลาขับรถ 5 นาที</p>\r\n<div class=\"overview-container__location\" style=\"margin: 0px; padding: 0px; border: 0px; font-variant-numeric: inherit; font-variant-east-asian: inherit; font-stretch: inherit; font-size: 16px; line-height: inherit; font-family: Roboto, \'Open Sans\', sans-serif; vertical-align: baseline; color: #1a232c;\">\r\n<h5 class=\"overview-container__title\" style=\"margin: 24px 0px 8px; padding: 0px; border: 0px; font-style: inherit; font-variant: inherit; font-weight: 500; font-stretch: inherit; font-size: inherit; line-height: inherit; font-family: inherit; vertical-align: baseline;\">ที่ตั้ง</h5>\r\n<p style=\"margin: 0px; padding: 0px; border: 0px; font: inherit; vertical-align: baseline; display: inline;\">โรงแรมตั้งอยู่ติดกับวัดกวนอิม Betong Hello Hotel ตั้งอยู่ใกล้กับOK Betong</p>\r\n</div>\r\n<div id=\"text_content\" style=\"margin: 0px; padding: 0px; border: 0px; font-variant-numeric: inherit; font-variant-east-asian: inherit; font-stretch: inherit; font-size: 16px; line-height: inherit; font-family: Roboto, \'Open Sans\', sans-serif; vertical-align: baseline; color: #1a232c;\">\r\n<h5 class=\"overview-container__title\" style=\"margin: 24px 0px 8px; padding: 0px; border: 0px; font-style: inherit; font-variant: inherit; font-weight: 500; font-stretch: inherit; font-size: inherit; line-height: inherit; font-family: inherit; vertical-align: baseline;\">ห้องพัก</h5>\r\n<p style=\"margin: 0px; padding: 0px; border: 0px; font: inherit; vertical-align: baseline;\">เพื่อความสะดวกสบายของผู้เข้าพัก ห้องพักในโรงแรมที่ยอดเยี่ยมแห่งนี้มีฟรีไวไฟ, มินิบาร์ และ เครื่องควบคุมสภาพอากาศ แต่ละห้องมีห้องน้ำส่วนตัวพร้อมอุปกรณ์อาบน้ำฟรี, ไดร์เป่าผม และ รองเท้าแตะ</p>\r\n<h5 class=\"overview-container__title\" style=\"margin: 24px 0px 8px; padding: 0px; border: 0px; font-style: inherit; font-variant: inherit; font-weight: 500; font-stretch: inherit; font-size: inherit; line-height: inherit; font-family: inherit; vertical-align: baseline;\">อาหารและเครื่องดื่ม</h5>\r\n<p style=\"margin: 0px; padding: 0px; border: 0px; font: inherit; vertical-align: baseline;\">ผู้เข้าพักสามารถรับประทานอาหารที่บาร์The Tunnel ซึ่งอยู่ห่างออกไป 50 เมตร</p>\r\n<h5 class=\"overview-container__title\" style=\"margin: 24px 0px 8px; padding: 0px; border: 0px; font-style: inherit; font-variant: inherit; font-weight: 500; font-stretch: inherit; font-size: inherit; line-height: inherit; font-family: inherit; vertical-align: baseline;\">อินเทอร์เน็ต</h5>\r\n<p style=\"margin: 0px; padding: 0px; border: 0px; font: inherit; vertical-align: baseline;\">อินเตอร์เน็ตไร้สายมีให้ฟรีในทั้งโรงแรม</p>\r\n<h5 class=\"overview-container__title\" style=\"margin: 24px 0px 8px; padding: 0px; border: 0px; font-style: inherit; font-variant: inherit; font-weight: 500; font-stretch: inherit; font-size: inherit; line-height: inherit; font-family: inherit; vertical-align: baseline;\">ที่จอดรถสำหรับผู้เข้าพัก</h5>\r\n<p style=\"margin: 0px; padding: 0px; border: 0px; font: inherit; vertical-align: baseline;\">ที่จอดรถสาธารณะที่ในสถานที่ใกล้เคียงสามารถจอดได้ฟรี</p>\r\n</div>\r\n<p style=\"margin: 0px; padding: 0px; border: 0px; font-variant-numeric: inherit; font-variant-east-asian: inherit; font-stretch: inherit; font-size: 16px; line-height: inherit; font-family: Roboto, \'Open Sans\', sans-serif; vertical-align: baseline; color: #1a232c;\">พนักงานโรงแรมพูดEnglish, Chinese, Thai</p>\r\n<p style=\"margin: 0px; padding: 0px; border: 0px; font-variant-numeric: inherit; font-variant-east-asian: inherit; font-stretch: inherit; font-size: 16px; line-height: inherit; font-family: Roboto, \'Open Sans\', sans-serif; vertical-align: baseline; color: #1a232c;\">จำนวนห้องพัก: &nbsp; 28.</p>', '[\"hostels\\\\June2021\\\\xCgZuioCOhzJeRLHTzRB.jpg\", \"hostels\\\\June2021\\\\oNK6MVQCAKPL2C8ss7Jv.jpg\", \"hostels\\\\June2021\\\\SF8puCoRCF0NiZbtsKBZ.jpg\", \"hostels\\\\June2021\\\\Q1lZDc2cwSGOTFMkFngT.jpg\", \"hostels\\\\June2021\\\\HWVWc9aKQZ6sdiOLGbh0.jpg\", \"hostels\\\\June2021\\\\uuT7wnw91qlgv8tuTpkl.jpg\", \"hostels\\\\June2021\\\\XhGy1uw8hMh53MzmzkDS.jpg\", \"hostels\\\\June2021\\\\8sVZNwhw22exKffCduM2.jpg\", \"hostels\\\\June2021\\\\SQhk1gcT1n5JXlD72hzm.jpg\"]', 1, '2021-06-14 19:10:00', '2021-06-20 03:03:47', 'hostels\\June2021\\mKW3VsReYTND5iitQLMV.jpg', NULL, NULL),
(4, 'Southernview Hotel Pattani', 'tel. 073450570\r\nfacebook : Southernview Hotel Pattani', '<p>เที่ยวปัตตานีแบบงบน้อย ราคาเริ่มต้น 650 บาท&nbsp; แนะนำที่นี่เลย ห้องพักสะอาด ราคาไม่แพง แต่ได้รับความสะดวกสบายและบริการเพียบไม่แพ้ที่อื่น ทั้งห้องอาหารอบอุ่น ผ่อนคลายกับสปา จิบชาที่มุมชาชัก ห้องคาราโอเกะก็มี หรือจะสนุกสุดเหวี่ยงที่เซาท์เทิร์นผับ ใครกำลังมองหาที่พักปัตตานี มาที่นี่ที่เดียวตอบโจทย์ทุกการพักผ่อน อ่านต่อได้ที่ https://www.wongnai.com/listings/hotels-pattani?ref=ct</p>\r\n<p>ที่อยู่&nbsp;<span style=\"background-color: #f9f9f9; color: #4a4a4a; font-family: BlinkMacSystemFont, -apple-system, \'Segoe UI\', Roboto, Oxygen, Ubuntu, Cantarell, \'Fira Sans\', \'Droid Sans\', \'Helvetica Neue\', Helvetica, Arial, sans-serif; font-size: 16px;\">399 หมู่ 4 ถ.หนองจิก ต.รูสะมิแล อ.เมือง จ.ปัตตานี, เมืองปัตตานี, ปัตตานี, ประเทศไทย, 94000</span></p>', '[\"hostels\\\\June2021\\\\xgIsmgGfM4ybC1H8jkFv.jpg\", \"hostels\\\\June2021\\\\qFRUu4un7TO0m1xHEkGQ.jpg\", \"hostels\\\\June2021\\\\wx46vqF2xGFrQSiwZRyC.jpg\", \"hostels\\\\June2021\\\\x9lC7Q84XaYuSQZ839Ff.jpg\", \"hostels\\\\June2021\\\\vSflBlEjzm8OoCpUwm9f.jpg\", \"hostels\\\\June2021\\\\ipd8QaUOKE8NSjJB8bS1.jpg\"]', 2, '2021-06-20 03:17:19', '2021-06-20 03:17:19', 'hostels\\June2021\\wsoKZ14HmXws1votbLEj.jpg', NULL, NULL),
(5, 'นาเกลือ วิลล่า รีสอร์ท', 'tel.089 737 2909\r\nfacebook : นาเกลือ วิลล่า รีสอร์ท', '<div dir=\"auto\" style=\"font-family: \'Segoe UI Historic\', \'Segoe UI\', Helvetica, Arial, sans-serif; color: #050505; font-size: 15px;\">รีสอร์ท สไตล์วินเทจสีลูกกวาด สวยสดใส ได้แรงบันดาลใจจากการเดินทางและหนังสือท่องเที่ยวทั่วโลก ผสานกับความชอบส่วนตัวในการตกแต่งสไตล์วินเทจ จึงนำมาตกแต่งและบรรจงสร้าง</div>\r\n<div dir=\"auto\" style=\"font-family: \'Segoe UI Historic\', \'Segoe UI\', Helvetica, Arial, sans-serif; color: #050505; font-size: 15px;\">\"นาเกลือ วิลล่า รีสอร์ท\" แห่งนี้ เพื่อจะให้เป็นที่พักของนักเดินทางต่างถิ่น และนักท่องเที่ยวทั่วไปในพื้นที่ภาคใต้ของเรา ที่ชอบความแปลกใหม่ในสีสันสดใส แบบส่วนตัวสไตล์วินเทจ</div>\r\n<div dir=\"auto\" style=\"font-family: \'Segoe UI Historic\', \'Segoe UI\', Helvetica, Arial, sans-serif; color: #050505; font-size: 15px;\">รีสอร์ทขอต้อนรับแขกผู้เข้าพัก ด้วยอาคารหลากหลายแบบสไตล์ยุโรป ตามคอนเซ็ปสีสดใส เพื่อเป็นจุดพักผ่อนแก่นักเดินทาง ด้านในอบอุ่นด้วยการต้อนรับจากพนักงานมืออาชีพและการบริการเป็นกันเอง มีร้านค้าเล็กๆรองรับแขกผู้เข้าพัก พร้อมให้บริการเครื่องดื่มและของว่าง</div>\r\n<div dir=\"auto\" style=\"font-family: \'Segoe UI Historic\', \'Segoe UI\', Helvetica, Arial, sans-serif; color: #050505; font-size: 15px;\">บริเวณห้องพักของรีสอร์ททั้งหมด ได้ถูกแบ่งออกเป็นหลายโซนแตกต่างไปหลายสไตล์ ตามความชอบของแขกผู้เข้าพัก ซึ่งทั้งฮิปและเก๋เป็นที่ชื่นชอบของทั้งผู้ใหญ่และวัยรุ่น</div>\r\n<div dir=\"auto\" style=\"font-family: \'Segoe UI Historic\', \'Segoe UI\', Helvetica, Arial, sans-serif; color: #050505; font-size: 15px;\">คงไม่แปลกหากคุณจะเปลี่ยนห้องพักไปทีละห้องจนครบ เพราะแต่ละห้องนั้นมีเสน่ห์แตกต่างกันดั่งลูกกวาดหลากสี คิดถึงที่พักสุดฮิปในยามมาเยือน 3 จังหวัดชายแดนภาคใต้ ลองมาเยือน \"นาเกลือ วิลล่า รีสอร์ท\" ที่พักสีหวาน สวย สะอาด ปลอดภัยและราคาถูก พร้อมบริการอันอบอุ่นจากพนักงานที่คอยต้อนรับทุกท่านดุจญาติมิตร ก็น่าจะเป็นอีกสถานที่หนึ่ง ที่น่าประทับใจอย่างแน่นอ</div>', NULL, 2, '2021-06-20 03:25:24', '2021-06-20 03:25:57', 'hostels\\June2021\\44Gvch9s9nnqaXACLAJ8.jpg', NULL, NULL),
(6, 'The Holidays Hill betong', 'โทรศัพท์: 093 640 8866', '<p style=\"margin: 0px; padding: 0px; border: 0px; font-variant-numeric: inherit; font-variant-east-asian: inherit; font-stretch: inherit; font-size: 16px; line-height: inherit; font-family: Roboto, \'Open Sans\', sans-serif; vertical-align: baseline; color: #1a232c;\">The holidayshill betong ตั้งอยู่ห่างจาก วัดพุทธาธิวาส 4.5 กม. ให้บริการที่จอดรถฟรี, ร้านแลกเงิน และ พื้นที่สูบบุหรี่ที่กำหนด คุณจะพบกับแผนกต้อนรับส่วนหน้า 24 ชั่วโมง, บริการรับจอดรถ และ ระบบความปลอดภัย 24 ชั่วโมงได้ที่โรงแรมเช่นกัน</p>\r\n<div class=\"overview-container__location\" style=\"margin: 0px; padding: 0px; border: 0px; font-variant-numeric: inherit; font-variant-east-asian: inherit; font-stretch: inherit; font-size: 16px; line-height: inherit; font-family: Roboto, \'Open Sans\', sans-serif; vertical-align: baseline; color: #1a232c;\">\r\n<h5 class=\"overview-container__title\" style=\"margin: 24px 0px 8px; padding: 0px; border: 0px; font-style: inherit; font-variant: inherit; font-weight: 500; font-stretch: inherit; font-size: inherit; line-height: inherit; font-family: inherit; vertical-align: baseline;\">ที่ตั้ง</h5>\r\n<p style=\"margin: 0px; padding: 0px; border: 0px; font: inherit; vertical-align: baseline; display: inline;\">โรงแรมแห่งนี้อยู่ห่างจากมัสยิดกลางเบตง Betong City Mosque 3.5 กม. โรงแรมตั้งอยู่ติดกับwaterfall inthason พิพิธภัณฑ์เมืองเบตงตั้งอยู่ใกล้กับโรงแรม</p>\r\n</div>\r\n<div id=\"text_content\" style=\"margin: 0px; padding: 0px; border: 0px; font-variant-numeric: inherit; font-variant-east-asian: inherit; font-stretch: inherit; font-size: 16px; line-height: inherit; font-family: Roboto, \'Open Sans\', sans-serif; vertical-align: baseline; color: #1a232c;\">\r\n<h5 class=\"overview-container__title\" style=\"margin: 24px 0px 8px; padding: 0px; border: 0px; font-style: inherit; font-variant: inherit; font-weight: 500; font-stretch: inherit; font-size: inherit; line-height: inherit; font-family: inherit; vertical-align: baseline;\">ห้องพัก</h5>\r\n<p style=\"margin: 0px; padding: 0px; border: 0px; font: inherit; vertical-align: baseline;\">ห้องพักประกอบไปด้วยตู้เย็น, เครื่องชงกาแฟ/ชา และ เครื่องรีดกางเกงแบบกดรวมถึงห้องน้ำพร้อมหมวกอาบน้ำ และ แผ่นอาบน้ำ ห้องครัวมีกาต้มน้ำไฟฟ้า และ ตู้เก็บของ</p>\r\n<h5 class=\"overview-container__title\" style=\"margin: 24px 0px 8px; padding: 0px; border: 0px; font-style: inherit; font-variant: inherit; font-weight: 500; font-stretch: inherit; font-size: inherit; line-height: inherit; font-family: inherit; vertical-align: baseline;\">อินเทอร์เน็ต</h5>\r\n<p style=\"margin: 0px; padding: 0px; border: 0px; font: inherit; vertical-align: baseline;\">อินเตอร์เน็ตไร้สายมีให้ฟรีในทั้งโรงแรม</p>\r\n<h5 class=\"overview-container__title\" style=\"margin: 24px 0px 8px; padding: 0px; border: 0px; font-style: inherit; font-variant: inherit; font-weight: 500; font-stretch: inherit; font-size: inherit; line-height: inherit; font-family: inherit; vertical-align: baseline;\">ที่จอดรถสำหรับผู้เข้าพัก</h5>\r\n<p style=\"margin: 0px; padding: 0px; border: 0px; font: inherit; vertical-align: baseline;\">ที่จอดรถเอกชนที่ในสถานที่ใกล้เคียงสามารถจอดได้ฟรี</p>\r\n</div>\r\n<p style=\"margin: 0px; padding: 0px; border: 0px; font-variant-numeric: inherit; font-variant-east-asian: inherit; font-stretch: inherit; font-size: 16px; line-height: inherit; font-family: Roboto, \'Open Sans\', sans-serif; vertical-align: baseline; color: #1a232c;\">จำนวนห้องพัก: &nbsp; 20.</p>', '[\"hostels\\\\June2021\\\\rrj787aHiL38WT9YgzRy.jpg\", \"hostels\\\\June2021\\\\WGJTrGGoTWCBx4eGl6yx.jpg\", \"hostels\\\\June2021\\\\GIGsY0nrJeGQmAkk3qOS.jpg\", \"hostels\\\\June2021\\\\19Dk0f4WAZJAwt2zsDJo.jpg\", \"hostels\\\\June2021\\\\QSyQzGcWQ33haAQlrOKj.jpg\", \"hostels\\\\June2021\\\\Pwvb5B72O0B9aImrvvD7.jpg\"]', 1, '2021-06-20 03:42:48', '2021-06-21 06:26:15', 'hostels\\June2021\\kYY33zXMuOSeZPkdsIyo.jpg', 'hostels\\June2021\\C39REyVzq7pgKhlbnJZX.jpg', '<iframe src=\"https://www.google.com/maps/embed?pb=!1m18!1m12!1m3!1d3969.5955311806697!2d101.07089451476692!3d5.771187795817698!2m3!1f0!2f0!3f0!3m2!1i1024!2i768!4f13.1!3m3!1m2!1s0x31b4e5e04c1a110f%3A0xb5d6fa0f08dc769d!2z4LmC4Lij4LiH4LmB4Lij4LihIOC5gOC4lOC4reC4sOC4ruC4reC4peC4tOC5gOC4lOC4ouC5jOC4ruC4tOC4peC4peC5jA!5e0!3m2!1sth!2sth!4v1624281721985!5m2!1sth!2sth\" width=\"600\" height=\"450\" style=\"border:0;\" allowfullscreen=\"\" loading=\"lazy\"></iframe>');

-- --------------------------------------------------------

--
-- Table structure for table `menus`
--

CREATE TABLE `menus` (
  `id` int(10) UNSIGNED NOT NULL,
  `name` varchar(255) COLLATE utf8mb4_unicode_ci NOT NULL,
  `created_at` timestamp NULL DEFAULT NULL,
  `updated_at` timestamp NULL DEFAULT NULL
) ENGINE=InnoDB DEFAULT CHARSET=utf8mb4 COLLATE=utf8mb4_unicode_ci;

--
-- Dumping data for table `menus`
--

INSERT INTO `menus` (`id`, `name`, `created_at`, `updated_at`) VALUES
(1, 'admin', '2021-04-27 20:27:34', '2021-04-27 20:27:34');

-- --------------------------------------------------------

--
-- Table structure for table `menu_items`
--

CREATE TABLE `menu_items` (
  `id` int(10) UNSIGNED NOT NULL,
  `menu_id` int(10) UNSIGNED DEFAULT NULL,
  `title` varchar(255) COLLATE utf8mb4_unicode_ci NOT NULL,
  `url` varchar(255) COLLATE utf8mb4_unicode_ci NOT NULL,
  `target` varchar(255) COLLATE utf8mb4_unicode_ci NOT NULL DEFAULT '_self',
  `icon_class` varchar(255) COLLATE utf8mb4_unicode_ci DEFAULT NULL,
  `color` varchar(255) COLLATE utf8mb4_unicode_ci DEFAULT NULL,
  `parent_id` int(11) DEFAULT NULL,
  `order` int(11) NOT NULL,
  `created_at` timestamp NULL DEFAULT NULL,
  `updated_at` timestamp NULL DEFAULT NULL,
  `route` varchar(255) COLLATE utf8mb4_unicode_ci DEFAULT NULL,
  `parameters` text COLLATE utf8mb4_unicode_ci
) ENGINE=InnoDB DEFAULT CHARSET=utf8mb4 COLLATE=utf8mb4_unicode_ci;

--
-- Dumping data for table `menu_items`
--

INSERT INTO `menu_items` (`id`, `menu_id`, `title`, `url`, `target`, `icon_class`, `color`, `parent_id`, `order`, `created_at`, `updated_at`, `route`, `parameters`) VALUES
(1, 1, 'Dashboard', '', '_self', 'voyager-boat', NULL, NULL, 1, '2021-04-27 20:27:34', '2021-04-27 20:27:34', 'voyager.dashboard', NULL),
(2, 1, 'Media', '', '_self', 'voyager-images', NULL, NULL, 8, '2021-04-27 20:27:34', '2021-06-15 06:43:42', 'voyager.media.index', NULL),
(3, 1, 'Users', '', '_self', 'voyager-person', NULL, NULL, 7, '2021-04-27 20:27:34', '2021-06-15 06:43:42', 'voyager.users.index', NULL),
(4, 1, 'Roles', '', '_self', 'voyager-lock', NULL, NULL, 6, '2021-04-27 20:27:34', '2021-06-15 06:43:42', 'voyager.roles.index', NULL),
(5, 1, 'Tools', '', '_self', 'voyager-tools', NULL, NULL, 9, '2021-04-27 20:27:34', '2021-06-15 06:43:42', NULL, NULL),
(6, 1, 'Menu Builder', '', '_self', 'voyager-list', NULL, 5, 1, '2021-04-27 20:27:34', '2021-04-27 20:34:39', 'voyager.menus.index', NULL),
(7, 1, 'Database', '', '_self', 'voyager-data', NULL, 5, 2, '2021-04-27 20:27:34', '2021-04-27 20:34:39', 'voyager.database.index', NULL),
(8, 1, 'Compass', '', '_self', 'voyager-compass', NULL, 5, 3, '2021-04-27 20:27:34', '2021-04-27 20:34:39', 'voyager.compass.index', NULL),
(9, 1, 'BREAD', '', '_self', 'voyager-bread', NULL, 5, 4, '2021-04-27 20:27:34', '2021-04-27 20:34:39', 'voyager.bread.index', NULL),
(10, 1, 'Settings', '', '_self', 'voyager-settings', NULL, NULL, 10, '2021-04-27 20:27:34', '2021-06-15 06:43:42', 'voyager.settings.index', NULL),
(11, 1, 'Categories', '', '_self', 'voyager-categories', NULL, 17, 2, '2021-04-27 20:27:35', '2021-04-27 21:34:38', 'voyager.categories.index', NULL),
(14, 1, 'Hooks', '', '_self', 'voyager-hook', NULL, 5, 5, '2021-04-27 20:27:35', '2021-04-27 20:34:39', 'voyager.hooks', NULL),
(15, 1, 'Provinces', '', '_self', 'voyager-compass', NULL, NULL, 2, '2021-04-27 20:33:41', '2021-04-27 20:34:39', 'voyager.provinces.index', NULL),
(16, 1, 'Tourist Attractions', '', '_self', 'voyager-location', '#000000', 17, 1, '2021-04-27 20:43:43', '2021-04-27 21:34:36', 'voyager.tourist-attractions.index', 'null'),
(17, 1, 'Destination', '', '_self', 'voyager-tree', '#000000', NULL, 3, '2021-04-27 21:34:28', '2021-06-14 23:01:02', NULL, ''),
(18, 1, 'Hostels', '', '_self', 'voyager-company', '#000000', NULL, 4, '2021-06-14 18:44:12', '2021-06-14 18:46:00', 'voyager.hostels.index', 'null'),
(19, 1, 'Reviews', '', '_self', 'voyager-smile', NULL, NULL, 5, '2021-06-15 06:43:32', '2021-06-15 06:43:42', 'voyager.reviews.index', NULL);

-- --------------------------------------------------------

--
-- Table structure for table `migrations`
--

CREATE TABLE `migrations` (
  `id` int(10) UNSIGNED NOT NULL,
  `migration` varchar(255) COLLATE utf8mb4_unicode_ci NOT NULL,
  `batch` int(11) NOT NULL
) ENGINE=InnoDB DEFAULT CHARSET=utf8mb4 COLLATE=utf8mb4_unicode_ci;

--
-- Dumping data for table `migrations`
--

INSERT INTO `migrations` (`id`, `migration`, `batch`) VALUES
(1, '2014_10_12_000000_create_users_table', 1),
(2, '2014_10_12_100000_create_password_resets_table', 1),
(3, '2016_01_01_000000_add_voyager_user_fields', 1),
(4, '2016_01_01_000000_create_data_types_table', 1),
(5, '2016_05_19_173453_create_menu_table', 1),
(6, '2016_10_21_190000_create_roles_table', 1),
(7, '2016_10_21_190000_create_settings_table', 1),
(8, '2016_11_30_135954_create_permission_table', 1),
(9, '2016_11_30_141208_create_permission_role_table', 1),
(10, '2016_12_26_201236_data_types__add__server_side', 1),
(11, '2017_01_13_000000_add_route_to_menu_items_table', 1),
(12, '2017_01_14_005015_create_translations_table', 1),
(13, '2017_01_15_000000_make_table_name_nullable_in_permissions_table', 1),
(14, '2017_03_06_000000_add_controller_to_data_types_table', 1),
(15, '2017_04_21_000000_add_order_to_data_rows_table', 1),
(16, '2017_07_05_210000_add_policyname_to_data_types_table', 1),
(17, '2017_08_05_000000_add_group_to_settings_table', 1),
(18, '2017_11_26_013050_add_user_role_relationship', 1),
(19, '2017_11_26_015000_create_user_roles_table', 1),
(20, '2018_03_11_000000_add_user_settings', 1),
(21, '2018_03_14_000000_add_details_to_data_types_table', 1),
(22, '2018_03_16_000000_make_settings_value_nullable', 1),
(23, '2019_08_19_000000_create_failed_jobs_table', 1),
(24, '2016_01_01_000000_create_pages_table', 2),
(25, '2016_01_01_000000_create_posts_table', 2),
(26, '2016_02_15_204651_create_categories_table', 2),
(27, '2017_04_11_000000_alter_post_nullable_fields_table', 2);

-- --------------------------------------------------------

--
-- Table structure for table `pages`
--

CREATE TABLE `pages` (
  `id` int(10) UNSIGNED NOT NULL,
  `author_id` int(11) NOT NULL,
  `title` varchar(255) COLLATE utf8mb4_unicode_ci NOT NULL,
  `excerpt` text COLLATE utf8mb4_unicode_ci,
  `body` text COLLATE utf8mb4_unicode_ci,
  `image` varchar(255) COLLATE utf8mb4_unicode_ci DEFAULT NULL,
  `slug` varchar(255) COLLATE utf8mb4_unicode_ci NOT NULL,
  `meta_description` text COLLATE utf8mb4_unicode_ci,
  `meta_keywords` text COLLATE utf8mb4_unicode_ci,
  `status` enum('ACTIVE','INACTIVE') COLLATE utf8mb4_unicode_ci NOT NULL DEFAULT 'INACTIVE',
  `created_at` timestamp NULL DEFAULT NULL,
  `updated_at` timestamp NULL DEFAULT NULL
) ENGINE=InnoDB DEFAULT CHARSET=utf8mb4 COLLATE=utf8mb4_unicode_ci;

--
-- Dumping data for table `pages`
--

INSERT INTO `pages` (`id`, `author_id`, `title`, `excerpt`, `body`, `image`, `slug`, `meta_description`, `meta_keywords`, `status`, `created_at`, `updated_at`) VALUES
(1, 0, 'Hello World', 'Hang the jib grog grog blossom grapple dance the hempen jig gangway pressgang bilge rat to go on account lugger. Nelsons folly gabion line draught scallywag fire ship gaff fluke fathom case shot. Sea Legs bilge rat sloop matey gabion long clothes run a shot across the bow Gold Road cog league.', '<p>Hello World. Scallywag grog swab Cat o\'nine tails scuttle rigging hardtack cable nipper Yellow Jack. Handsomely spirits knave lad killick landlubber or just lubber deadlights chantey pinnace crack Jennys tea cup. Provost long clothes black spot Yellow Jack bilged on her anchor league lateen sail case shot lee tackle.</p>\r\n<p>Ballast spirits fluke topmast me quarterdeck schooner landlubber or just lubber gabion belaying pin. Pinnace stern galleon starboard warp carouser to go on account dance the hempen jig jolly boat measured fer yer chains. Man-of-war fire in the hole nipperkin handsomely doubloon barkadeer Brethren of the Coast gibbet driver squiffy.</p>', 'pages/page1.jpg', 'hello-world', 'Yar Meta Description', 'Keyword1, Keyword2', 'ACTIVE', '2021-04-27 20:27:35', '2021-04-27 20:27:35');

-- --------------------------------------------------------

--
-- Table structure for table `password_resets`
--

CREATE TABLE `password_resets` (
  `email` varchar(255) COLLATE utf8mb4_unicode_ci NOT NULL,
  `token` varchar(255) COLLATE utf8mb4_unicode_ci NOT NULL,
  `created_at` timestamp NULL DEFAULT NULL
) ENGINE=InnoDB DEFAULT CHARSET=utf8mb4 COLLATE=utf8mb4_unicode_ci;

-- --------------------------------------------------------

--
-- Table structure for table `permissions`
--

CREATE TABLE `permissions` (
  `id` bigint(20) UNSIGNED NOT NULL,
  `key` varchar(255) COLLATE utf8mb4_unicode_ci NOT NULL,
  `table_name` varchar(255) COLLATE utf8mb4_unicode_ci DEFAULT NULL,
  `created_at` timestamp NULL DEFAULT NULL,
  `updated_at` timestamp NULL DEFAULT NULL
) ENGINE=InnoDB DEFAULT CHARSET=utf8mb4 COLLATE=utf8mb4_unicode_ci;

--
-- Dumping data for table `permissions`
--

INSERT INTO `permissions` (`id`, `key`, `table_name`, `created_at`, `updated_at`) VALUES
(1, 'browse_admin', NULL, '2021-04-27 20:27:34', '2021-04-27 20:27:34'),
(2, 'browse_bread', NULL, '2021-04-27 20:27:34', '2021-04-27 20:27:34'),
(3, 'browse_database', NULL, '2021-04-27 20:27:34', '2021-04-27 20:27:34'),
(4, 'browse_media', NULL, '2021-04-27 20:27:34', '2021-04-27 20:27:34'),
(5, 'browse_compass', NULL, '2021-04-27 20:27:34', '2021-04-27 20:27:34'),
(6, 'browse_menus', 'menus', '2021-04-27 20:27:34', '2021-04-27 20:27:34'),
(7, 'read_menus', 'menus', '2021-04-27 20:27:34', '2021-04-27 20:27:34'),
(8, 'edit_menus', 'menus', '2021-04-27 20:27:34', '2021-04-27 20:27:34'),
(9, 'add_menus', 'menus', '2021-04-27 20:27:34', '2021-04-27 20:27:34'),
(10, 'delete_menus', 'menus', '2021-04-27 20:27:34', '2021-04-27 20:27:34'),
(11, 'browse_roles', 'roles', '2021-04-27 20:27:34', '2021-04-27 20:27:34'),
(12, 'read_roles', 'roles', '2021-04-27 20:27:34', '2021-04-27 20:27:34'),
(13, 'edit_roles', 'roles', '2021-04-27 20:27:34', '2021-04-27 20:27:34'),
(14, 'add_roles', 'roles', '2021-04-27 20:27:34', '2021-04-27 20:27:34'),
(15, 'delete_roles', 'roles', '2021-04-27 20:27:34', '2021-04-27 20:27:34'),
(16, 'browse_users', 'users', '2021-04-27 20:27:34', '2021-04-27 20:27:34'),
(17, 'read_users', 'users', '2021-04-27 20:27:34', '2021-04-27 20:27:34'),
(18, 'edit_users', 'users', '2021-04-27 20:27:34', '2021-04-27 20:27:34'),
(19, 'add_users', 'users', '2021-04-27 20:27:34', '2021-04-27 20:27:34'),
(20, 'delete_users', 'users', '2021-04-27 20:27:34', '2021-04-27 20:27:34'),
(21, 'browse_settings', 'settings', '2021-04-27 20:27:34', '2021-04-27 20:27:34'),
(22, 'read_settings', 'settings', '2021-04-27 20:27:34', '2021-04-27 20:27:34'),
(23, 'edit_settings', 'settings', '2021-04-27 20:27:34', '2021-04-27 20:27:34'),
(24, 'add_settings', 'settings', '2021-04-27 20:27:34', '2021-04-27 20:27:34'),
(25, 'delete_settings', 'settings', '2021-04-27 20:27:34', '2021-04-27 20:27:34'),
(26, 'browse_categories', 'categories', '2021-04-27 20:27:35', '2021-04-27 20:27:35'),
(27, 'read_categories', 'categories', '2021-04-27 20:27:35', '2021-04-27 20:27:35'),
(28, 'edit_categories', 'categories', '2021-04-27 20:27:35', '2021-04-27 20:27:35'),
(29, 'add_categories', 'categories', '2021-04-27 20:27:35', '2021-04-27 20:27:35'),
(30, 'delete_categories', 'categories', '2021-04-27 20:27:35', '2021-04-27 20:27:35'),
(31, 'browse_posts', 'posts', '2021-04-27 20:27:35', '2021-04-27 20:27:35'),
(32, 'read_posts', 'posts', '2021-04-27 20:27:35', '2021-04-27 20:27:35'),
(33, 'edit_posts', 'posts', '2021-04-27 20:27:35', '2021-04-27 20:27:35'),
(34, 'add_posts', 'posts', '2021-04-27 20:27:35', '2021-04-27 20:27:35'),
(35, 'delete_posts', 'posts', '2021-04-27 20:27:35', '2021-04-27 20:27:35'),
(36, 'browse_pages', 'pages', '2021-04-27 20:27:35', '2021-04-27 20:27:35'),
(37, 'read_pages', 'pages', '2021-04-27 20:27:35', '2021-04-27 20:27:35'),
(38, 'edit_pages', 'pages', '2021-04-27 20:27:35', '2021-04-27 20:27:35'),
(39, 'add_pages', 'pages', '2021-04-27 20:27:35', '2021-04-27 20:27:35'),
(40, 'delete_pages', 'pages', '2021-04-27 20:27:35', '2021-04-27 20:27:35'),
(41, 'browse_hooks', NULL, '2021-04-27 20:27:35', '2021-04-27 20:27:35'),
(42, 'browse_provinces', 'provinces', '2021-04-27 20:33:41', '2021-04-27 20:33:41'),
(43, 'read_provinces', 'provinces', '2021-04-27 20:33:41', '2021-04-27 20:33:41'),
(44, 'edit_provinces', 'provinces', '2021-04-27 20:33:41', '2021-04-27 20:33:41'),
(45, 'add_provinces', 'provinces', '2021-04-27 20:33:41', '2021-04-27 20:33:41'),
(46, 'delete_provinces', 'provinces', '2021-04-27 20:33:41', '2021-04-27 20:33:41'),
(47, 'browse_tourist_attractions', 'tourist_attractions', '2021-04-27 20:43:43', '2021-04-27 20:43:43'),
(48, 'read_tourist_attractions', 'tourist_attractions', '2021-04-27 20:43:43', '2021-04-27 20:43:43'),
(49, 'edit_tourist_attractions', 'tourist_attractions', '2021-04-27 20:43:43', '2021-04-27 20:43:43'),
(50, 'add_tourist_attractions', 'tourist_attractions', '2021-04-27 20:43:43', '2021-04-27 20:43:43'),
(51, 'delete_tourist_attractions', 'tourist_attractions', '2021-04-27 20:43:43', '2021-04-27 20:43:43'),
(52, 'browse_hostels', 'hostels', '2021-06-14 18:44:11', '2021-06-14 18:44:11'),
(53, 'read_hostels', 'hostels', '2021-06-14 18:44:11', '2021-06-14 18:44:11'),
(54, 'edit_hostels', 'hostels', '2021-06-14 18:44:11', '2021-06-14 18:44:11'),
(55, 'add_hostels', 'hostels', '2021-06-14 18:44:11', '2021-06-14 18:44:11'),
(56, 'delete_hostels', 'hostels', '2021-06-14 18:44:11', '2021-06-14 18:44:11'),
(57, 'browse_reviews', 'reviews', '2021-06-15 06:43:32', '2021-06-15 06:43:32'),
(58, 'read_reviews', 'reviews', '2021-06-15 06:43:32', '2021-06-15 06:43:32'),
(59, 'edit_reviews', 'reviews', '2021-06-15 06:43:32', '2021-06-15 06:43:32'),
(60, 'add_reviews', 'reviews', '2021-06-15 06:43:32', '2021-06-15 06:43:32'),
(61, 'delete_reviews', 'reviews', '2021-06-15 06:43:32', '2021-06-15 06:43:32');

-- --------------------------------------------------------

--
-- Table structure for table `permission_role`
--

CREATE TABLE `permission_role` (
  `permission_id` bigint(20) UNSIGNED NOT NULL,
  `role_id` bigint(20) UNSIGNED NOT NULL
) ENGINE=InnoDB DEFAULT CHARSET=utf8mb4 COLLATE=utf8mb4_unicode_ci;

--
-- Dumping data for table `permission_role`
--

INSERT INTO `permission_role` (`permission_id`, `role_id`) VALUES
(1, 1),
(1, 2),
(2, 1),
(3, 1),
(4, 1),
(5, 1),
(6, 1),
(7, 1),
(8, 1),
(9, 1),
(10, 1),
(11, 1),
(12, 1),
(13, 1),
(14, 1),
(15, 1),
(16, 1),
(17, 1),
(18, 1),
(19, 1),
(20, 1),
(21, 1),
(22, 1),
(23, 1),
(24, 1),
(25, 1),
(26, 1),
(27, 1),
(28, 1),
(29, 1),
(30, 1),
(31, 1),
(32, 1),
(33, 1),
(34, 1),
(35, 1),
(36, 1),
(37, 1),
(38, 1),
(39, 1),
(40, 1),
(42, 1),
(43, 1),
(44, 1),
(45, 1),
(46, 1),
(47, 1),
(48, 1),
(49, 1),
(50, 1),
(51, 1),
(52, 1),
(53, 1),
(54, 1),
(55, 1),
(56, 1),
(57, 1),
(57, 2),
(58, 1),
(58, 2),
(59, 1),
(59, 2),
(60, 1),
(60, 2),
(61, 1),
(61, 2);

-- --------------------------------------------------------

--
-- Table structure for table `posts`
--

CREATE TABLE `posts` (
  `id` int(10) UNSIGNED NOT NULL,
  `author_id` int(11) NOT NULL,
  `category_id` int(11) DEFAULT NULL,
  `title` varchar(255) COLLATE utf8mb4_unicode_ci NOT NULL,
  `seo_title` varchar(255) COLLATE utf8mb4_unicode_ci DEFAULT NULL,
  `excerpt` text COLLATE utf8mb4_unicode_ci,
  `body` text COLLATE utf8mb4_unicode_ci NOT NULL,
  `image` varchar(255) COLLATE utf8mb4_unicode_ci DEFAULT NULL,
  `slug` varchar(255) COLLATE utf8mb4_unicode_ci NOT NULL,
  `meta_description` text COLLATE utf8mb4_unicode_ci,
  `meta_keywords` text COLLATE utf8mb4_unicode_ci,
  `status` enum('PUBLISHED','DRAFT','PENDING') COLLATE utf8mb4_unicode_ci NOT NULL DEFAULT 'DRAFT',
  `featured` tinyint(1) NOT NULL DEFAULT '0',
  `created_at` timestamp NULL DEFAULT NULL,
  `updated_at` timestamp NULL DEFAULT NULL
) ENGINE=InnoDB DEFAULT CHARSET=utf8mb4 COLLATE=utf8mb4_unicode_ci;

--
-- Dumping data for table `posts`
--

INSERT INTO `posts` (`id`, `author_id`, `category_id`, `title`, `seo_title`, `excerpt`, `body`, `image`, `slug`, `meta_description`, `meta_keywords`, `status`, `featured`, `created_at`, `updated_at`) VALUES
(1, 0, NULL, 'Lorem Ipsum Post', NULL, 'This is the excerpt for the Lorem Ipsum Post', '<p>This is the body of the lorem ipsum post</p>', 'posts/post1.jpg', 'lorem-ipsum-post', 'This is the meta description', 'keyword1, keyword2, keyword3', 'PUBLISHED', 0, '2021-04-27 20:27:35', '2021-04-27 20:27:35'),
(2, 0, NULL, 'My Sample Post', NULL, 'This is the excerpt for the sample Post', '<p>This is the body for the sample post, which includes the body.</p>\r\n                <h2>We can use all kinds of format!</h2>\r\n                <p>And include a bunch of other stuff.</p>', 'posts/post2.jpg', 'my-sample-post', 'Meta Description for sample post', 'keyword1, keyword2, keyword3', 'PUBLISHED', 0, '2021-04-27 20:27:35', '2021-04-27 20:27:35'),
(3, 0, NULL, 'Latest Post', NULL, 'This is the excerpt for the latest post', '<p>This is the body for the latest post</p>', 'posts/post3.jpg', 'latest-post', 'This is the meta description', 'keyword1, keyword2, keyword3', 'PUBLISHED', 0, '2021-04-27 20:27:35', '2021-04-27 20:27:35'),
(4, 0, NULL, 'Yarr Post', NULL, 'Reef sails nipperkin bring a spring upon her cable coffer jury mast spike marooned Pieces of Eight poop deck pillage. Clipper driver coxswain galleon hempen halter come about pressgang gangplank boatswain swing the lead. Nipperkin yard skysail swab lanyard Blimey bilge water ho quarter Buccaneer.', '<p>Swab deadlights Buccaneer fire ship square-rigged dance the hempen jig weigh anchor cackle fruit grog furl. Crack Jennys tea cup chase guns pressgang hearties spirits hogshead Gold Road six pounders fathom measured fer yer chains. Main sheet provost come about trysail barkadeer crimp scuttle mizzenmast brig plunder.</p>\r\n<p>Mizzen league keelhaul galleon tender cog chase Barbary Coast doubloon crack Jennys tea cup. Blow the man down lugsail fire ship pinnace cackle fruit line warp Admiral of the Black strike colors doubloon. Tackle Jack Ketch come about crimp rum draft scuppers run a shot across the bow haul wind maroon.</p>\r\n<p>Interloper heave down list driver pressgang holystone scuppers tackle scallywag bilged on her anchor. Jack Tar interloper draught grapple mizzenmast hulk knave cable transom hogshead. Gaff pillage to go on account grog aft chase guns piracy yardarm knave clap of thunder.</p>', 'posts/post4.jpg', 'yarr-post', 'this be a meta descript', 'keyword1, keyword2, keyword3', 'PUBLISHED', 0, '2021-04-27 20:27:35', '2021-04-27 20:27:35');

-- --------------------------------------------------------

--
-- Table structure for table `provinces`
--

CREATE TABLE `provinces` (
  `id` int(10) UNSIGNED NOT NULL,
  `name` varchar(255) COLLATE utf8mb4_unicode_ci DEFAULT NULL,
  `created_at` timestamp NULL DEFAULT NULL,
  `updated_at` timestamp NULL DEFAULT NULL,
  `cover_image` varchar(255) COLLATE utf8mb4_unicode_ci DEFAULT NULL,
  `description` varchar(255) COLLATE utf8mb4_unicode_ci DEFAULT NULL,
  `order` int(11) DEFAULT '1'
) ENGINE=InnoDB DEFAULT CHARSET=utf8mb4 COLLATE=utf8mb4_unicode_ci;

--
-- Dumping data for table `provinces`
--

INSERT INTO `provinces` (`id`, `name`, `created_at`, `updated_at`, `cover_image`, `description`, `order`) VALUES
(1, 'ยะลา', '2021-04-27 20:34:07', '2021-06-19 10:49:09', 'provinces\\June2021\\pTQde1Osy6hYEGcvuDMF.jpg', 'ใต้สุดสยาม เมืองงามชายแดน', 1),
(2, 'ปัตตานี', '2021-04-27 20:34:15', '2021-06-19 10:48:04', 'provinces\\June2021\\DaQWOmcVuYsGZ30o8MCJ.JPG', 'เมืองงามสามวัฒนธรรม ศูนย์ฮาลาลเลิศล้ำ ชนน้อมนำศรัทธา ถิ่นธรรมชาติงามตา ปัตตานีสันติสุขแดนใต้', 2),
(3, 'นราธิวาส', '2021-04-27 20:34:23', '2021-04-28 18:22:39', 'provinces\\April2021\\9ZVmXOArvPcxUvYu3EKM.jpg', 'ทักษิณราชตำหนัก ชนรักศาสนา นราทัศน์เพลินตา ปาโจตรึงใจ แหล่งใหญ่แร่ทอง ลองกองหอมหวาน', 3);

-- --------------------------------------------------------

--
-- Table structure for table `reviews`
--

CREATE TABLE `reviews` (
  `id` int(10) UNSIGNED NOT NULL,
  `name` varchar(255) COLLATE utf8mb4_unicode_ci DEFAULT NULL,
  `budget` int(11) DEFAULT NULL,
  `duration` int(11) DEFAULT NULL,
  `body` text COLLATE utf8mb4_unicode_ci,
  `cover_image` varchar(255) COLLATE utf8mb4_unicode_ci DEFAULT NULL,
  `province_id` int(11) DEFAULT NULL,
  `category_id` int(11) DEFAULT NULL,
  `created_at` timestamp NULL DEFAULT NULL,
  `updated_at` timestamp NULL DEFAULT NULL,
  `user_id` int(11) DEFAULT NULL
) ENGINE=InnoDB DEFAULT CHARSET=utf8mb4 COLLATE=utf8mb4_unicode_ci;

--
-- Dumping data for table `reviews`
--

INSERT INTO `reviews` (`id`, `name`, `budget`, `duration`, `body`, `cover_image`, `province_id`, `category_id`, `created_at`, `updated_at`, `user_id`) VALUES
(2, 'สัมผัสวีถีคนสองน้ำ ที่บ้านบานา', 0, 1, '<p><img src=\"http://tourism.test/storage/reviews/June2021/aHR0cHM6Ly9zLmlzYW5vb2suY29tL3RyLzAvdWQvMjgzLzE0MTgxODcvNDY1NzM4LmpwZw==.jpg\" alt=\"\" /></p>\r\n<p><span lang=\"TH\" style=\"font-size: 16pt; font-family: \'Angsana New\', serif; color: #292b2c;\">อ่าวปัตตานีนั้นเป็นขุมทรัพย์ทางธรรมชาติของทุกคน</span><span style=\"font-size: 16pt; font-family: Helvetica, sans-serif; color: #292b2c;\">&nbsp;</span><span lang=\"TH\" style=\"font-size: 16pt; font-family: \'Angsana New\', serif; color: #292b2c;\">มีทรัพยากรณ์ทาง</span><span style=\"font-size: 16pt; font-family: Helvetica, sans-serif; color: #292b2c;\"><a title=\"ทะเล\" href=\"https://www.sanook.com/travel/1397261/\" target=\"_blank\" rel=\"noopener\"><span lang=\"TH\" style=\"font-family: \'Angsana New\', serif; color: #333333; text-decoration-line: none;\">ทะเล</span></a></span><span lang=\"TH\" style=\"font-size: 16pt; font-family: \'Angsana New\', serif; color: #292b2c;\">อันอุดมสมบูรณ์</span><span style=\"font-size: 16pt; font-family: Helvetica, sans-serif; color: #292b2c;\">&nbsp;</span><span lang=\"TH\" style=\"font-size: 16pt; font-family: \'Angsana New\', serif; color: #292b2c;\">มีเรืองราวประวัติศาสตร์ยาวนาน</span><span style=\"font-size: 16pt; font-family: Helvetica, sans-serif; color: #292b2c;\">&nbsp;</span><span lang=\"TH\" style=\"font-size: 16pt; font-family: \'Angsana New\', serif; color: #292b2c;\">ทำให้ชุมชนชายฝั่งรอบอ่าวปัตตานีมีเรื่องราววิถีชีวิต</span><span style=\"font-size: 16pt; font-family: Helvetica, sans-serif; color: #292b2c;\">&nbsp;</span><span lang=\"TH\" style=\"font-size: 16pt; font-family: \'Angsana New\', serif; color: #292b2c;\">ภูมิปัญญาที่น่าค้นหาอยู่มากมาย</span><span style=\"font-size: 16pt; font-family: Helvetica, sans-serif; color: #292b2c;\">&nbsp;</span><span lang=\"TH\" style=\"font-size: 16pt; font-family: \'Angsana New\', serif; color: #292b2c;\">หนึ่งในนั้นคือ</span><span style=\"font-size: 16pt; font-family: Helvetica, sans-serif; color: #292b2c;\">&nbsp;</span><span lang=\"TH\" style=\"font-size: 16pt; font-family: \'Angsana New\', serif; color: #292b2c;\">ชุมชนบ้านบานา</span></p>\r\n<p class=\"MsoNormal\" style=\"margin-bottom: 19.2pt; line-height: 18pt; background-image: initial; background-position: initial; background-size: initial; background-repeat: initial; background-attachment: initial; background-origin: initial; background-clip: initial;\"><span lang=\"TH\" style=\"font-size: 16.0pt; font-family: \'Angsana New\',serif; mso-ascii-font-family: Helvetica; mso-fareast-font-family: \'Times New Roman\'; mso-hansi-font-family: Helvetica; color: #292b2c; mso-bidi-language: TH;\">บานา</span><span style=\"font-size: 16.0pt; font-family: \'Helvetica\',sans-serif; mso-fareast-font-family: \'Times New Roman\'; mso-bidi-font-family: \'Times New Roman\'; color: #292b2c;\">&nbsp;</span><span lang=\"TH\" style=\"font-size: 16.0pt; font-family: \'Angsana New\',serif; mso-ascii-font-family: Helvetica; mso-fareast-font-family: \'Times New Roman\'; mso-hansi-font-family: Helvetica; color: #292b2c; mso-bidi-language: TH;\">เป็นภาษาเปอร์เซียแปลว่า</span><span style=\"font-size: 16.0pt; font-family: \'Helvetica\',sans-serif; mso-fareast-font-family: \'Times New Roman\'; mso-bidi-font-family: \'Times New Roman\'; color: #292b2c;\">&nbsp;</span><span lang=\"TH\" style=\"font-size: 16.0pt; font-family: \'Angsana New\',serif; mso-ascii-font-family: Helvetica; mso-fareast-font-family: \'Times New Roman\'; mso-hansi-font-family: Helvetica; color: #292b2c; mso-bidi-language: TH;\">ท่าเรือ</span><span style=\"font-size: 16.0pt; font-family: \'Helvetica\',sans-serif; mso-fareast-font-family: \'Times New Roman\'; mso-bidi-font-family: \'Times New Roman\'; color: #292b2c;\">&nbsp;</span><span lang=\"TH\" style=\"font-size: 16.0pt; font-family: \'Angsana New\',serif; mso-ascii-font-family: Helvetica; mso-fareast-font-family: \'Times New Roman\'; mso-hansi-font-family: Helvetica; color: #292b2c; mso-bidi-language: TH;\">ในอดีตบ้านบานาแห่งนี้เป็นท่าเรือที่มีการค้าขายกับต่างประเทศ</span><span style=\"font-size: 16.0pt; font-family: \'Helvetica\',sans-serif; mso-fareast-font-family: \'Times New Roman\'; mso-bidi-font-family: \'Times New Roman\'; color: #292b2c;\">&nbsp;</span><span lang=\"TH\" style=\"font-size: 16.0pt; font-family: \'Angsana New\',serif; mso-ascii-font-family: Helvetica; mso-fareast-font-family: \'Times New Roman\'; mso-hansi-font-family: Helvetica; color: #292b2c; mso-bidi-language: TH;\">เช่น</span><span style=\"font-size: 16.0pt; font-family: \'Helvetica\',sans-serif; mso-fareast-font-family: \'Times New Roman\'; mso-bidi-font-family: \'Times New Roman\'; color: #292b2c;\">&nbsp;</span><span lang=\"TH\" style=\"font-size: 16.0pt; font-family: \'Angsana New\',serif; mso-ascii-font-family: Helvetica; mso-fareast-font-family: \'Times New Roman\'; mso-hansi-font-family: Helvetica; color: #292b2c; mso-bidi-language: TH;\">จีน</span><span style=\"font-size: 16.0pt; font-family: \'Helvetica\',sans-serif; mso-fareast-font-family: \'Times New Roman\'; mso-bidi-font-family: \'Times New Roman\'; color: #292b2c;\">&nbsp;</span><span lang=\"TH\" style=\"font-size: 16.0pt; font-family: \'Angsana New\',serif; mso-ascii-font-family: Helvetica; mso-fareast-font-family: \'Times New Roman\'; mso-hansi-font-family: Helvetica; color: #292b2c; mso-bidi-language: TH;\">ฮอลันดา</span><span style=\"font-size: 16.0pt; font-family: \'Helvetica\',sans-serif; mso-fareast-font-family: \'Times New Roman\'; mso-bidi-font-family: \'Times New Roman\'; color: #292b2c;\">&nbsp;</span><span lang=\"TH\" style=\"font-size: 16.0pt; font-family: \'Angsana New\',serif; mso-ascii-font-family: Helvetica; mso-fareast-font-family: \'Times New Roman\'; mso-hansi-font-family: Helvetica; color: #292b2c; mso-bidi-language: TH;\">โปรตุเกส</span><span style=\"font-size: 16.0pt; font-family: \'Helvetica\',sans-serif; mso-fareast-font-family: \'Times New Roman\'; mso-bidi-font-family: \'Times New Roman\'; color: #292b2c;\">&nbsp;</span><span lang=\"TH\" style=\"font-size: 16.0pt; font-family: \'Angsana New\',serif; mso-ascii-font-family: Helvetica; mso-fareast-font-family: \'Times New Roman\'; mso-hansi-font-family: Helvetica; color: #292b2c; mso-bidi-language: TH;\">และ</span><span style=\"font-size: 16.0pt; font-family: \'Helvetica\',sans-serif; mso-fareast-font-family: \'Times New Roman\'; mso-bidi-font-family: \'Times New Roman\'; color: #292b2c;\">&nbsp;</span><span lang=\"TH\" style=\"font-size: 16.0pt; font-family: \'Angsana New\',serif; mso-ascii-font-family: Helvetica; mso-fareast-font-family: \'Times New Roman\'; mso-hansi-font-family: Helvetica; color: #292b2c; mso-bidi-language: TH;\">อาหรับ</span><span style=\"font-size: 16.0pt; font-family: \'Helvetica\',sans-serif; mso-fareast-font-family: \'Times New Roman\'; mso-bidi-font-family: \'Times New Roman\'; color: #292b2c;\">&nbsp;</span><span lang=\"TH\" style=\"font-size: 16.0pt; font-family: \'Angsana New\',serif; mso-ascii-font-family: Helvetica; mso-fareast-font-family: \'Times New Roman\'; mso-hansi-font-family: Helvetica; color: #292b2c; mso-bidi-language: TH;\">เป็นต้น</span><span style=\"font-size: 16.0pt; font-family: \'Helvetica\',sans-serif; mso-fareast-font-family: \'Times New Roman\'; mso-bidi-font-family: \'Times New Roman\'; color: #292b2c;\">&nbsp;</span><span lang=\"TH\" style=\"font-size: 16.0pt; font-family: \'Angsana New\',serif; mso-ascii-font-family: Helvetica; mso-fareast-font-family: \'Times New Roman\'; mso-hansi-font-family: Helvetica; color: #292b2c; mso-bidi-language: TH;\">ในอดีตเคยมีเรือมาจอดเทียบท่าที่นี่เรียงรายนับร้อยลำ</span></p>\r\n<p><span lang=\"TH\" style=\"font-size: 16.0pt; line-height: 107%; font-family: \'Angsana New\',serif; mso-ascii-font-family: Helvetica; mso-fareast-font-family: \'Times New Roman\'; mso-hansi-font-family: Helvetica; color: #292b2c; mso-ansi-language: EN-US; mso-fareast-language: EN-US; mso-bidi-language: TH;\">บานา</span><span style=\"font-size: 16.0pt; line-height: 107%; font-family: \'Helvetica\',sans-serif; mso-fareast-font-family: \'Times New Roman\'; mso-bidi-font-family: \'Times New Roman\'; color: #292b2c; mso-ansi-language: EN-US; mso-fareast-language: EN-US; mso-bidi-language: AR-SA;\">&nbsp;</span><span lang=\"TH\" style=\"font-size: 16.0pt; line-height: 107%; font-family: \'Angsana New\',serif; mso-ascii-font-family: Helvetica; mso-fareast-font-family: \'Times New Roman\'; mso-hansi-font-family: Helvetica; color: #292b2c; mso-ansi-language: EN-US; mso-fareast-language: EN-US; mso-bidi-language: TH;\">ยังเป็นแหล่งประมง</span><span style=\"font-size: 16.0pt; line-height: 107%; font-family: \'Helvetica\',sans-serif; mso-fareast-font-family: \'Times New Roman\'; mso-bidi-font-family: \'Times New Roman\'; color: #292b2c; mso-ansi-language: EN-US; mso-fareast-language: EN-US; mso-bidi-language: AR-SA;\">&nbsp;</span><span lang=\"TH\" style=\"font-size: 16.0pt; line-height: 107%; font-family: \'Angsana New\',serif; mso-ascii-font-family: Helvetica; mso-fareast-font-family: \'Times New Roman\'; mso-hansi-font-family: Helvetica; color: #292b2c; mso-ansi-language: EN-US; mso-fareast-language: EN-US; mso-bidi-language: TH;\">แหล่งเกลือหวานที่เป็นของขึ้นชื่อเมืองปัตตานี</span><span style=\"font-size: 16.0pt; line-height: 107%; font-family: \'Helvetica\',sans-serif; mso-fareast-font-family: \'Times New Roman\'; mso-bidi-font-family: \'Times New Roman\'; color: #292b2c; mso-ansi-language: EN-US; mso-fareast-language: EN-US; mso-bidi-language: AR-SA;\">&nbsp;</span><span lang=\"TH\" style=\"font-size: 16.0pt; line-height: 107%; font-family: \'Angsana New\',serif; mso-ascii-font-family: Helvetica; mso-fareast-font-family: \'Times New Roman\'; mso-hansi-font-family: Helvetica; color: #292b2c; mso-ansi-language: EN-US; mso-fareast-language: EN-US; mso-bidi-language: TH;\">วันนี้</span><span style=\"font-size: 16.0pt; line-height: 107%; font-family: \'Helvetica\',sans-serif; mso-fareast-font-family: \'Times New Roman\'; mso-bidi-font-family: \'Times New Roman\'; color: #292b2c; mso-ansi-language: EN-US; mso-fareast-language: EN-US; mso-bidi-language: AR-SA;\">&nbsp;</span><span lang=\"TH\" style=\"font-size: 16.0pt; line-height: 107%; font-family: \'Angsana New\',serif; mso-ascii-font-family: Helvetica; mso-fareast-font-family: \'Times New Roman\'; mso-hansi-font-family: Helvetica; color: #292b2c; mso-ansi-language: EN-US; mso-fareast-language: EN-US; mso-bidi-language: TH;\">นายรอบรู้</span><span style=\"font-size: 16.0pt; line-height: 107%; font-family: \'Helvetica\',sans-serif; mso-fareast-font-family: \'Times New Roman\'; mso-bidi-font-family: \'Times New Roman\'; color: #292b2c; mso-ansi-language: EN-US; mso-fareast-language: EN-US; mso-bidi-language: AR-SA;\">&nbsp;</span><span lang=\"TH\" style=\"font-size: 16.0pt; line-height: 107%; font-family: \'Angsana New\',serif; mso-ascii-font-family: Helvetica; mso-fareast-font-family: \'Times New Roman\'; mso-hansi-font-family: Helvetica; color: #292b2c; mso-ansi-language: EN-US; mso-fareast-language: EN-US; mso-bidi-language: TH;\">นักเดินทาง</span><span style=\"font-size: 16.0pt; line-height: 107%; font-family: \'Helvetica\',sans-serif; mso-fareast-font-family: \'Times New Roman\'; mso-bidi-font-family: \'Times New Roman\'; color: #292b2c; mso-ansi-language: EN-US; mso-fareast-language: EN-US; mso-bidi-language: AR-SA;\">&nbsp;</span><span lang=\"TH\" style=\"font-size: 16.0pt; line-height: 107%; font-family: \'Angsana New\',serif; mso-ascii-font-family: Helvetica; mso-fareast-font-family: \'Times New Roman\'; mso-hansi-font-family: Helvetica; color: #292b2c; mso-ansi-language: EN-US; mso-fareast-language: EN-US; mso-bidi-language: TH;\">ขอถือโอกาสพาทุกคนเที่ยวชุมชนบ้านบานากัน</span></p>\r\n<p>&nbsp;</p>\r\n<p><span lang=\"TH\" style=\"font-size: 16.0pt; line-height: 107%; font-family: \'Angsana New\',serif; mso-ascii-font-family: Helvetica; mso-fareast-font-family: \'Times New Roman\'; mso-hansi-font-family: Helvetica; color: #292b2c; mso-ansi-language: EN-US; mso-fareast-language: EN-US; mso-bidi-language: TH;\"><img src=\"http://tourism.test/storage/reviews/June2021/aHR0cHM6Ly9zLmlzYW5vb2suY29tL3RyLzAvdWQvMjgzLzE0MTgxODcvZGV1MTQ5My1vaGRxYTM1MmM4bHNnanJnaWNuaDIuanBn.jpg\" alt=\"\" /></span></p>\r\n<p><span lang=\"TH\" style=\"font-size: 16.0pt; line-height: 107%; font-family: \'Angsana New\',serif; mso-ascii-font-family: Helvetica; mso-fareast-font-family: \'Times New Roman\'; mso-hansi-font-family: Helvetica; color: #292b2c; mso-ansi-language: EN-US; mso-fareast-language: EN-US; mso-bidi-language: TH;\"><img src=\"http://tourism.test/storage/reviews/June2021/aHR0cHM6Ly9zLmlzYW5vb2suY29tL3RyLzAvdWQvMjgzLzE0MTgxODcvZGV1MTY4MS03Njh4NTEyLmpwZw==1.jpg\" alt=\"\" /></span></p>\r\n<p><span lang=\"TH\" style=\"font-size: 16.0pt; line-height: 107%; font-family: \'Angsana New\',serif; mso-ascii-font-family: Helvetica; mso-fareast-font-family: \'Times New Roman\'; mso-hansi-font-family: Helvetica; color: #292b2c; mso-ansi-language: EN-US; mso-fareast-language: EN-US; mso-bidi-language: TH;\"><img src=\"http://tourism.test/storage/reviews/June2021/aHR0cHM6Ly9zLmlzYW5vb2suY29tL3RyLzAvdWQvMjgzLzE0MTgxODcvZGV1MTQ5Ny03Njh4NTEyLmpwZw==.jpg\" alt=\"\" /></span></p>\r\n<p class=\"MsoNormal\" style=\"margin: 12pt 0cm; line-height: normal; background-image: initial; background-position: initial; background-size: initial; background-repeat: initial; background-attachment: initial; background-origin: initial; background-clip: initial;\"><strong><span lang=\"TH\" style=\"font-size: 16.0pt; font-family: \'Angsana New\',serif; mso-ascii-font-family: Helvetica; mso-fareast-font-family: \'Times New Roman\'; mso-hansi-font-family: Helvetica; color: #292b2c; mso-bidi-language: TH;\">เที่ยวสะพานไม้</span></strong><strong><span style=\"font-size: 16.0pt; font-family: \'Helvetica\',sans-serif; mso-fareast-font-family: \'Times New Roman\'; mso-bidi-font-family: \'Times New Roman\'; color: #292b2c;\">&nbsp;</span></strong><strong><span lang=\"TH\" style=\"font-size: 16.0pt; font-family: \'Angsana New\',serif; mso-ascii-font-family: Helvetica; mso-fareast-font-family: \'Times New Roman\'; mso-hansi-font-family: Helvetica; color: #292b2c; mso-bidi-language: TH;\">เดินชมป่าโกงกาง</span></strong></p>\r\n<p class=\"MsoNormal\" style=\"margin-bottom: 19.2pt; line-height: 18pt; background-image: initial; background-position: initial; background-size: initial; background-repeat: initial; background-attachment: initial; background-origin: initial; background-clip: initial;\"><span lang=\"TH\" style=\"font-size: 16.0pt; font-family: \'Angsana New\',serif; mso-ascii-font-family: Helvetica; mso-fareast-font-family: \'Times New Roman\'; mso-hansi-font-family: Helvetica; color: #292b2c; mso-bidi-language: TH;\">สะพานไม้บานา</span><span style=\"font-size: 16.0pt; font-family: \'Helvetica\',sans-serif; mso-fareast-font-family: \'Times New Roman\'; mso-bidi-font-family: \'Times New Roman\'; color: #292b2c;\">&nbsp;</span><span lang=\"TH\" style=\"font-size: 16.0pt; font-family: \'Angsana New\',serif; mso-ascii-font-family: Helvetica; mso-fareast-font-family: \'Times New Roman\'; mso-hansi-font-family: Helvetica; color: #292b2c; mso-bidi-language: TH;\">เป็นสะพานไม้ที่ทอดยาวสู่อ่าวปัตตานี</span><span style=\"font-size: 16.0pt; font-family: \'Helvetica\',sans-serif; mso-fareast-font-family: \'Times New Roman\'; mso-bidi-font-family: \'Times New Roman\'; color: #292b2c;\">&nbsp;</span><span lang=\"TH\" style=\"font-size: 16.0pt; font-family: \'Angsana New\',serif; mso-ascii-font-family: Helvetica; mso-fareast-font-family: \'Times New Roman\'; mso-hansi-font-family: Helvetica; color: #292b2c; mso-bidi-language: TH;\">สร้างขึ้นเพื่อเป็นแหล่ง</span><span style=\"font-size: 16.0pt; font-family: \'Helvetica\',sans-serif; mso-fareast-font-family: \'Times New Roman\'; mso-bidi-font-family: \'Times New Roman\'; color: #292b2c;\"><a title=\"ท่องเที่ยว\" href=\"https://www.sanook.com/travel\" target=\"_blank\" rel=\"noopener\"><span lang=\"TH\" style=\"font-family: \'Angsana New\', serif; color: #333333; text-decoration-line: none;\">ท่องเที่ยว</span></a></span><span lang=\"TH\" style=\"font-size: 16.0pt; font-family: \'Angsana New\',serif; mso-ascii-font-family: Helvetica; mso-fareast-font-family: \'Times New Roman\'; mso-hansi-font-family: Helvetica; color: #292b2c; mso-bidi-language: TH;\">เชิงอนุรักษณ์ป่าชายเลน</span><span style=\"font-size: 16.0pt; font-family: \'Helvetica\',sans-serif; mso-fareast-font-family: \'Times New Roman\'; mso-bidi-font-family: \'Times New Roman\'; color: #292b2c;\">&nbsp;</span><span lang=\"TH\" style=\"font-size: 16.0pt; font-family: \'Angsana New\',serif; mso-ascii-font-family: Helvetica; mso-fareast-font-family: \'Times New Roman\'; mso-hansi-font-family: Helvetica; color: #292b2c; mso-bidi-language: TH;\">โดยสะพานไม้ที่ทอดยาวลงไปในทะเลทำให้เราได้เห็นทิวทัศน์อันสงบเงียบเรียบง่ายของอ่าวอีกด้วย</span></p>\r\n<p>&nbsp;</p>\r\n<p class=\"MsoNormal\" style=\"margin-bottom: 19.2pt; line-height: 18pt; background-image: initial; background-position: initial; background-size: initial; background-repeat: initial; background-attachment: initial; background-origin: initial; background-clip: initial;\"><span lang=\"TH\" style=\"font-size: 16.0pt; font-family: \'Angsana New\',serif; mso-ascii-font-family: Helvetica; mso-fareast-font-family: \'Times New Roman\'; mso-hansi-font-family: Helvetica; color: #292b2c; mso-bidi-language: TH;\">นอกจากสะพานที่ทอดยาวไปในทะเลแล้ว</span><span style=\"font-size: 16.0pt; font-family: \'Helvetica\',sans-serif; mso-fareast-font-family: \'Times New Roman\'; mso-bidi-font-family: \'Times New Roman\'; color: #292b2c;\">&nbsp;</span><span lang=\"TH\" style=\"font-size: 16.0pt; font-family: \'Angsana New\',serif; mso-ascii-font-family: Helvetica; mso-fareast-font-family: \'Times New Roman\'; mso-hansi-font-family: Helvetica; color: #292b2c; mso-bidi-language: TH;\">ที่นี่ยังมีสะพานไม้ลัดเลาะเข้าไปในป่าโกงกาง</span><span style=\"font-size: 16.0pt; font-family: \'Helvetica\',sans-serif; mso-fareast-font-family: \'Times New Roman\'; mso-bidi-font-family: \'Times New Roman\'; color: #292b2c;\">&nbsp;</span><span lang=\"TH\" style=\"font-size: 16.0pt; font-family: \'Angsana New\',serif; mso-ascii-font-family: Helvetica; mso-fareast-font-family: \'Times New Roman\'; mso-hansi-font-family: Helvetica; color: #292b2c; mso-bidi-language: TH;\">ไปสำผัสธรรมชาติ</span><span style=\"font-size: 16.0pt; font-family: \'Helvetica\',sans-serif; mso-fareast-font-family: \'Times New Roman\'; mso-bidi-font-family: \'Times New Roman\'; color: #292b2c;\">&nbsp;</span><span lang=\"TH\" style=\"font-size: 16.0pt; font-family: \'Angsana New\',serif; mso-ascii-font-family: Helvetica; mso-fareast-font-family: \'Times New Roman\'; mso-hansi-font-family: Helvetica; color: #292b2c; mso-bidi-language: TH;\">ชมวิว</span><span style=\"font-size: 16.0pt; font-family: \'Helvetica\',sans-serif; mso-fareast-font-family: \'Times New Roman\'; mso-bidi-font-family: \'Times New Roman\'; color: #292b2c;\">&nbsp;</span><span lang=\"TH\" style=\"font-size: 16.0pt; font-family: \'Angsana New\',serif; mso-ascii-font-family: Helvetica; mso-fareast-font-family: \'Times New Roman\'; mso-hansi-font-family: Helvetica; color: #292b2c; mso-bidi-language: TH;\">นั่งตากลม</span><span style=\"font-size: 16.0pt; font-family: \'Helvetica\',sans-serif; mso-fareast-font-family: \'Times New Roman\'; mso-bidi-font-family: \'Times New Roman\'; color: #292b2c;\">&nbsp;</span><span lang=\"TH\" style=\"font-size: 16.0pt; font-family: \'Angsana New\',serif; mso-ascii-font-family: Helvetica; mso-fareast-font-family: \'Times New Roman\'; mso-hansi-font-family: Helvetica; color: #292b2c; mso-bidi-language: TH;\">ให้ความสุข</span><span style=\"font-size: 16.0pt; font-family: \'Helvetica\',sans-serif; mso-fareast-font-family: \'Times New Roman\'; mso-bidi-font-family: \'Times New Roman\'; color: #292b2c;\">&nbsp;</span><span lang=\"TH\" style=\"font-size: 16.0pt; font-family: \'Angsana New\',serif; mso-ascii-font-family: Helvetica; mso-fareast-font-family: \'Times New Roman\'; mso-hansi-font-family: Helvetica; color: #292b2c; mso-bidi-language: TH;\">สบาย</span><span style=\"font-size: 16.0pt; font-family: \'Helvetica\',sans-serif; mso-fareast-font-family: \'Times New Roman\'; mso-bidi-font-family: \'Times New Roman\'; color: #292b2c;\">&nbsp;</span><span lang=\"TH\" style=\"font-size: 16.0pt; font-family: \'Angsana New\',serif; mso-ascii-font-family: Helvetica; mso-fareast-font-family: \'Times New Roman\'; mso-hansi-font-family: Helvetica; color: #292b2c; mso-bidi-language: TH;\">ไม่น้อย&hellip;</span></p>\r\n<p class=\"MsoNormal\" style=\"margin-bottom: 19.2pt; line-height: 18pt; background-image: initial; background-position: initial; background-size: initial; background-repeat: initial; background-attachment: initial; background-origin: initial; background-clip: initial;\"><span lang=\"TH\" style=\"font-size: 16.0pt; font-family: \'Angsana New\',serif; mso-ascii-font-family: Helvetica; mso-fareast-font-family: \'Times New Roman\'; mso-hansi-font-family: Helvetica; color: #292b2c; mso-bidi-language: TH;\"><img src=\"http://tourism.test/storage/reviews/June2021/aHR0cHM6Ly9zLmlzYW5vb2suY29tL3RyLzAvdWQvMjgzLzE0MTgxODcvZGV1MTYxNS1vaGRxYzRnaDViZTVtNHN5bThjZGguanBn.jpg\" alt=\"\" /></span></p>\r\n<p class=\"MsoNormal\" style=\"margin-bottom: 19.2pt; line-height: 18pt; background-image: initial; background-position: initial; background-size: initial; background-repeat: initial; background-attachment: initial; background-origin: initial; background-clip: initial;\"><span lang=\"TH\" style=\"font-size: 16.0pt; font-family: \'Angsana New\',serif; mso-ascii-font-family: Helvetica; mso-fareast-font-family: \'Times New Roman\'; mso-hansi-font-family: Helvetica; color: #292b2c; mso-bidi-language: TH;\"><img src=\"http://tourism.test/storage/reviews/June2021/aHR0cHM6Ly9zLmlzYW5vb2suY29tL3RyLzAvdWQvMjgzLzE0MTgxODcvZGV1MTY2NS03Njh4NTEyLmpwZw==.jpg\" alt=\"\" /></span></p>\r\n<p class=\"MsoNormal\" style=\"margin: 12pt 0cm; line-height: normal; background-image: initial; background-position: initial; background-size: initial; background-repeat: initial; background-attachment: initial; background-origin: initial; background-clip: initial;\"><strong><span lang=\"TH\" style=\"font-size: 16.0pt; font-family: \'Angsana New\',serif; mso-ascii-font-family: Helvetica; mso-fareast-font-family: \'Times New Roman\'; mso-hansi-font-family: Helvetica; color: #292b2c; mso-bidi-language: TH;\">ล่องเรือดูวิถีชีวิตยั่งยืน</span></strong></p>\r\n<p class=\"MsoNormal\" style=\"margin-bottom: 19.2pt; line-height: 18pt; background-image: initial; background-position: initial; background-size: initial; background-repeat: initial; background-attachment: initial; background-origin: initial; background-clip: initial;\"><span lang=\"TH\" style=\"font-size: 16.0pt; font-family: \'Angsana New\',serif; mso-ascii-font-family: Helvetica; mso-fareast-font-family: \'Times New Roman\'; mso-hansi-font-family: Helvetica; color: #292b2c; mso-bidi-language: TH;\">หลังจากชมความงามบนชายฝั่งของบ้านบานากันเรียบร้อย</span><span style=\"font-size: 16.0pt; font-family: \'Helvetica\',sans-serif; mso-fareast-font-family: \'Times New Roman\'; mso-bidi-font-family: \'Times New Roman\'; color: #292b2c;\">&nbsp;</span><span lang=\"TH\" style=\"font-size: 16.0pt; font-family: \'Angsana New\',serif; mso-ascii-font-family: Helvetica; mso-fareast-font-family: \'Times New Roman\'; mso-hansi-font-family: Helvetica; color: #292b2c; mso-bidi-language: TH;\">เราก็ลงเรือประมงมุ่งสู่ท้องทะเลเพื่อชมวิถีชีวิตประมงพื้นบ้าน</span><span style=\"font-size: 16.0pt; font-family: \'Helvetica\',sans-serif; mso-fareast-font-family: \'Times New Roman\'; mso-bidi-font-family: \'Times New Roman\'; color: #292b2c;\">&nbsp;</span><span lang=\"TH\" style=\"font-size: 16.0pt; font-family: \'Angsana New\',serif; mso-ascii-font-family: Helvetica; mso-fareast-font-family: \'Times New Roman\'; mso-hansi-font-family: Helvetica; color: #292b2c; mso-bidi-language: TH;\">และการอยู่ร่อมกันอย่างยั่งยืนของคนกับธรรมชาติ</span></p>\r\n<p class=\"MsoNormal\" style=\"margin-bottom: 19.2pt; line-height: 18pt; background-image: initial; background-position: initial; background-size: initial; background-repeat: initial; background-attachment: initial; background-origin: initial; background-clip: initial;\"><span lang=\"TH\" style=\"font-size: 16.0pt; font-family: \'Angsana New\',serif; mso-ascii-font-family: Helvetica; mso-fareast-font-family: \'Times New Roman\'; mso-hansi-font-family: Helvetica; color: #292b2c; mso-bidi-language: TH;\">บ้านบานาตั้งอยู่ชายเลของอ่าวปัตตานี</span><span style=\"font-size: 16.0pt; font-family: \'Helvetica\',sans-serif; mso-fareast-font-family: \'Times New Roman\'; mso-bidi-font-family: \'Times New Roman\'; color: #292b2c;\">&nbsp;</span><span lang=\"TH\" style=\"font-size: 16.0pt; font-family: \'Angsana New\',serif; mso-ascii-font-family: Helvetica; mso-fareast-font-family: \'Times New Roman\'; mso-hansi-font-family: Helvetica; color: #292b2c; mso-bidi-language: TH;\">ที่นี่มีความอุดมสมบูรณ์ของทรัพยากรณ์ทางทะเล</span><span style=\"font-size: 16.0pt; font-family: \'Helvetica\',sans-serif; mso-fareast-font-family: \'Times New Roman\'; mso-bidi-font-family: \'Times New Roman\'; color: #292b2c;\">&nbsp;</span><span lang=\"TH\" style=\"font-size: 16.0pt; font-family: \'Angsana New\',serif; mso-ascii-font-family: Helvetica; mso-fareast-font-family: \'Times New Roman\'; mso-hansi-font-family: Helvetica; color: #292b2c; mso-bidi-language: TH;\">ชาวบ้านทำประมงพื้นบ้าน</span><span style=\"font-size: 16.0pt; font-family: \'Helvetica\',sans-serif; mso-fareast-font-family: \'Times New Roman\'; mso-bidi-font-family: \'Times New Roman\'; color: #292b2c;\">&nbsp;</span><span lang=\"TH\" style=\"font-size: 16.0pt; font-family: \'Angsana New\',serif; mso-ascii-font-family: Helvetica; mso-fareast-font-family: \'Times New Roman\'; mso-hansi-font-family: Helvetica; color: #292b2c; mso-bidi-language: TH;\">จับปลา</span><span style=\"font-size: 16.0pt; font-family: \'Helvetica\',sans-serif; mso-fareast-font-family: \'Times New Roman\'; mso-bidi-font-family: \'Times New Roman\'; color: #292b2c;\">&nbsp;</span><span lang=\"TH\" style=\"font-size: 16.0pt; font-family: \'Angsana New\',serif; mso-ascii-font-family: Helvetica; mso-fareast-font-family: \'Times New Roman\'; mso-hansi-font-family: Helvetica; color: #292b2c; mso-bidi-language: TH;\">เลี้ยงหอย</span><span style=\"font-size: 16.0pt; font-family: \'Helvetica\',sans-serif; mso-fareast-font-family: \'Times New Roman\'; mso-bidi-font-family: \'Times New Roman\'; color: #292b2c;\">&nbsp;</span><span lang=\"TH\" style=\"font-size: 16.0pt; font-family: \'Angsana New\',serif; mso-ascii-font-family: Helvetica; mso-fareast-font-family: \'Times New Roman\'; mso-hansi-font-family: Helvetica; color: #292b2c; mso-bidi-language: TH;\">และยังมีอาชีพขับเรือพานัก</span><span style=\"font-size: 16.0pt; font-family: \'Helvetica\',sans-serif; mso-fareast-font-family: \'Times New Roman\'; mso-bidi-font-family: \'Times New Roman\'; color: #292b2c;\"><a title=\"ท่องเที่ยว\" href=\"https://www.sanook.com/travel\" target=\"_blank\" rel=\"noopener\"><span lang=\"TH\" style=\"font-family: \'Angsana New\', serif; color: #333333; text-decoration-line: none;\">ท่องเที่ยว</span></a></span><span lang=\"TH\" style=\"font-size: 16.0pt; font-family: \'Angsana New\',serif; mso-ascii-font-family: Helvetica; mso-fareast-font-family: \'Times New Roman\'; mso-hansi-font-family: Helvetica; color: #292b2c; mso-bidi-language: TH;\">ชมความงามของอ่าวปัตตานีอีกด้วย</span></p>\r\n<p class=\"MsoNormal\" style=\"margin-bottom: 19.2pt; line-height: 18pt; background-image: initial; background-position: initial; background-size: initial; background-repeat: initial; background-attachment: initial; background-origin: initial; background-clip: initial;\"><span lang=\"TH\" style=\"font-size: 16.0pt; font-family: \'Angsana New\',serif; mso-ascii-font-family: Helvetica; mso-fareast-font-family: \'Times New Roman\'; mso-hansi-font-family: Helvetica; color: #292b2c; mso-bidi-language: TH;\"> <span lang=\"TH\" style=\"font-size: 16pt; line-height: 107%;\">ชาวบ้านบานายังอยู่ร่วมกับธรรมชาติแบบพึ่งพา</span><span style=\"font-size: 16pt; line-height: 107%; font-family: Helvetica, sans-serif;\">&nbsp;</span><span lang=\"TH\" style=\"font-size: 16pt; line-height: 107%;\">ด้วยการทำบ้านปลา</span><span style=\"font-size: 16pt; line-height: 107%; font-family: Helvetica, sans-serif;\">&nbsp;</span><span lang=\"TH\" style=\"font-size: 16pt; line-height: 107%;\">ที่ทำจากต้นไม้</span><span style=\"font-size: 16pt; line-height: 107%; font-family: Helvetica, sans-serif;\">&nbsp;</span><span lang=\"TH\" style=\"font-size: 16pt; line-height: 107%;\">กิ่งไม้</span><span style=\"font-size: 16pt; line-height: 107%; font-family: Helvetica, sans-serif;\">&nbsp;</span><span lang=\"TH\" style=\"font-size: 16pt; line-height: 107%;\">นำมาปักในทะเล</span><span style=\"font-size: 16pt; line-height: 107%; font-family: Helvetica, sans-serif;\">&nbsp;</span><span lang=\"TH\" style=\"font-size: 16pt; line-height: 107%;\">เพื่อเป็นที่อยู่อาศัยของสัตน์น้ำ</span><span style=\"font-size: 16pt; line-height: 107%; font-family: Helvetica, sans-serif;\">&nbsp;</span><span lang=\"TH\" style=\"font-size: 16pt; line-height: 107%;\">เป็นที่หลบภัย</span><span style=\"font-size: 16pt; line-height: 107%; font-family: Helvetica, sans-serif;\">&nbsp;</span><span lang=\"TH\" style=\"font-size: 16pt; line-height: 107%;\">และทำให้ปลามีพื้นที่ในการขยายพันธุ์และอนุบาลสัตว์น้ำ</span><span style=\"font-size: 16pt; line-height: 107%; font-family: Helvetica, sans-serif;\">&nbsp;</span><span lang=\"TH\" style=\"font-size: 16pt; line-height: 107%;\">เป็นการอยู่ร่วมกันอย่างยั่งยืนระหว่างคนและธรรมชาติได้ดีจริงๆ</span></span></p>\r\n<p class=\"MsoNormal\" style=\"margin-bottom: 19.2pt; line-height: 18pt; background-image: initial; background-position: initial; background-size: initial; background-repeat: initial; background-attachment: initial; background-origin: initial; background-clip: initial;\"><span lang=\"TH\" style=\"font-size: 16.0pt; font-family: \'Angsana New\',serif; mso-ascii-font-family: Helvetica; mso-fareast-font-family: \'Times New Roman\'; mso-hansi-font-family: Helvetica; color: #292b2c; mso-bidi-language: TH;\"><span lang=\"TH\" style=\"font-size: 16pt; line-height: 107%;\"><img src=\"http://tourism.test/storage/reviews/June2021/aHR0cHM6Ly9zLmlzYW5vb2suY29tL3RyLzAvdWQvMjgzLzE0MTgxODcvZGV1MTUxNy03Njh4NTEyLmpwZw==.jpg\" alt=\"\" /></span></span></p>\r\n<p class=\"MsoNormal\" style=\"margin-bottom: 19.2pt; line-height: 18pt; background-image: initial; background-position: initial; background-size: initial; background-repeat: initial; background-attachment: initial; background-origin: initial; background-clip: initial;\"><span lang=\"TH\" style=\"font-size: 16.0pt; font-family: \'Angsana New\',serif; mso-ascii-font-family: Helvetica; mso-fareast-font-family: \'Times New Roman\'; mso-hansi-font-family: Helvetica; color: #292b2c; mso-bidi-language: TH;\"><span lang=\"TH\" style=\"font-size: 16pt; line-height: 107%;\"><img src=\"http://tourism.test/storage/reviews/June2021/aHR0cHM6Ly9zLmlzYW5vb2suY29tL3RyLzAvdWQvMjgzLzE0MTgxODcvZGV1MTUyOS1vaGRxYXoza3NsdGpmYWgxYnFnc2YuanBn.jpg\" alt=\"\" /></span></span></p>\r\n<p class=\"MsoNormal\" style=\"margin: 12pt 0cm; line-height: normal; background-image: initial; background-position: initial; background-size: initial; background-repeat: initial; background-attachment: initial; background-origin: initial; background-clip: initial;\"><strong><span lang=\"TH\" style=\"font-size: 16.0pt; font-family: \'Angsana New\',serif; mso-ascii-font-family: Helvetica; mso-fareast-font-family: \'Times New Roman\'; mso-hansi-font-family: Helvetica; color: #292b2c; mso-bidi-language: TH;\">เกลือหวาน</span></strong><strong><span style=\"font-size: 16.0pt; font-family: \'Helvetica\',sans-serif; mso-fareast-font-family: \'Times New Roman\'; mso-bidi-font-family: \'Times New Roman\'; color: #292b2c;\">&nbsp;</span></strong><strong><span lang=\"TH\" style=\"font-size: 16.0pt; font-family: \'Angsana New\',serif; mso-ascii-font-family: Helvetica; mso-fareast-font-family: \'Times New Roman\'; mso-hansi-font-family: Helvetica; color: #292b2c; mso-bidi-language: TH;\">ของขึ้นชื่อปัตตานี</span></strong></p>\r\n<p class=\"MsoNormal\" style=\"margin-bottom: 19.2pt; line-height: 18pt; background-image: initial; background-position: initial; background-size: initial; background-repeat: initial; background-attachment: initial; background-origin: initial; background-clip: initial;\"><span lang=\"TH\" style=\"font-size: 16.0pt; font-family: \'Angsana New\',serif; mso-ascii-font-family: Helvetica; mso-fareast-font-family: \'Times New Roman\'; mso-hansi-font-family: Helvetica; color: #292b2c; mso-bidi-language: TH;\">ที่เรียกว่าเกลือหวาน</span><span style=\"font-size: 16.0pt; font-family: \'Helvetica\',sans-serif; mso-fareast-font-family: \'Times New Roman\'; mso-bidi-font-family: \'Times New Roman\'; color: #292b2c;\">&nbsp;</span><span lang=\"TH\" style=\"font-size: 16.0pt; font-family: \'Angsana New\',serif; mso-ascii-font-family: Helvetica; mso-fareast-font-family: \'Times New Roman\'; mso-hansi-font-family: Helvetica; color: #292b2c; mso-bidi-language: TH;\">ไม่ใช่ว่ารสชาติของเกลือบ้านบานานั้นหวานแต่อย่างใด</span><span style=\"font-size: 16.0pt; font-family: \'Helvetica\',sans-serif; mso-fareast-font-family: \'Times New Roman\'; mso-bidi-font-family: \'Times New Roman\'; color: #292b2c;\">&nbsp;</span><span lang=\"TH\" style=\"font-size: 16.0pt; font-family: \'Angsana New\',serif; mso-ascii-font-family: Helvetica; mso-fareast-font-family: \'Times New Roman\'; mso-hansi-font-family: Helvetica; color: #292b2c; mso-bidi-language: TH;\">แต่เกลือที่นี่</span><span style=\"font-size: 16.0pt; font-family: \'Helvetica\',sans-serif; mso-fareast-font-family: \'Times New Roman\'; mso-bidi-font-family: \'Times New Roman\'; color: #292b2c;\">&nbsp;</span><span lang=\"TH\" style=\"font-size: 16.0pt; font-family: \'Angsana New\',serif; mso-ascii-font-family: Helvetica; mso-fareast-font-family: \'Times New Roman\'; mso-hansi-font-family: Helvetica; color: #292b2c; mso-bidi-language: TH;\">เค็มกำลังดี</span><span style=\"font-size: 16.0pt; font-family: \'Helvetica\',sans-serif; mso-fareast-font-family: \'Times New Roman\'; mso-bidi-font-family: \'Times New Roman\'; color: #292b2c;\">&nbsp;&nbsp;</span><span lang=\"TH\" style=\"font-size: 16.0pt; font-family: \'Angsana New\',serif; mso-ascii-font-family: Helvetica; mso-fareast-font-family: \'Times New Roman\'; mso-hansi-font-family: Helvetica; color: #292b2c; mso-bidi-language: TH;\">ไม่เค็มจัดจนเกินไป</span><span style=\"font-size: 16.0pt; font-family: \'Helvetica\',sans-serif; mso-fareast-font-family: \'Times New Roman\'; mso-bidi-font-family: \'Times New Roman\'; color: #292b2c;\">&nbsp;</span><span lang=\"TH\" style=\"font-size: 16.0pt; font-family: \'Angsana New\',serif; mso-ascii-font-family: Helvetica; mso-fareast-font-family: \'Times New Roman\'; mso-hansi-font-family: Helvetica; color: #292b2c; mso-bidi-language: TH;\">เกลือที่นี่นังมีแร่ธาตุเฉพาะตัว</span><span style=\"font-size: 16.0pt; font-family: \'Helvetica\',sans-serif; mso-fareast-font-family: \'Times New Roman\'; mso-bidi-font-family: \'Times New Roman\'; color: #292b2c;\">&nbsp;</span><span lang=\"TH\" style=\"font-size: 16.0pt; font-family: \'Angsana New\',serif; mso-ascii-font-family: Helvetica; mso-fareast-font-family: \'Times New Roman\'; mso-hansi-font-family: Helvetica; color: #292b2c; mso-bidi-language: TH;\">ทำให้รสชาติกลมกล่อมต่างจากที่อื่น</span><span style=\"font-size: 16.0pt; font-family: \'Helvetica\',sans-serif; mso-fareast-font-family: \'Times New Roman\'; mso-bidi-font-family: \'Times New Roman\'; color: #292b2c;\">&nbsp;</span><span lang=\"TH\" style=\"font-size: 16.0pt; font-family: \'Angsana New\',serif; mso-ascii-font-family: Helvetica; mso-fareast-font-family: \'Times New Roman\'; mso-hansi-font-family: Helvetica; color: #292b2c; mso-bidi-language: TH;\">เมื่อนำไปปรุง</span><span style=\"font-size: 16.0pt; font-family: \'Helvetica\',sans-serif; mso-fareast-font-family: \'Times New Roman\'; mso-bidi-font-family: \'Times New Roman\'; color: #292b2c;\"><a title=\"อาหาร\" href=\"https://www.sanook.com/travel/restaurant/\" target=\"_blank\" rel=\"noopener\"><span lang=\"TH\" style=\"font-family: \'Angsana New\', serif; color: #333333; text-decoration-line: none;\">อาหาร</span></a></span><span lang=\"TH\" style=\"font-size: 16.0pt; font-family: \'Angsana New\',serif; mso-ascii-font-family: Helvetica; mso-fareast-font-family: \'Times New Roman\'; mso-hansi-font-family: Helvetica; color: #292b2c; mso-bidi-language: TH;\">จุได้ความเค็มที่กลมกล่อม</span><span style=\"font-size: 16.0pt; font-family: \'Helvetica\',sans-serif; mso-fareast-font-family: \'Times New Roman\'; mso-bidi-font-family: \'Times New Roman\'; color: #292b2c;\">&nbsp;</span><span lang=\"TH\" style=\"font-size: 16.0pt; font-family: \'Angsana New\',serif; mso-ascii-font-family: Helvetica; mso-fareast-font-family: \'Times New Roman\'; mso-hansi-font-family: Helvetica; color: #292b2c; mso-bidi-language: TH;\">รสชาติอร่อย</span></p>\r\n<p class=\"MsoNormal\" style=\"margin-bottom: 19.2pt; line-height: 18pt; background-image: initial; background-position: initial; background-size: initial; background-repeat: initial; background-attachment: initial; background-origin: initial; background-clip: initial;\"><span lang=\"TH\" style=\"font-size: 16.0pt; font-family: \'Angsana New\',serif; mso-ascii-font-family: Helvetica; mso-fareast-font-family: \'Times New Roman\'; mso-hansi-font-family: Helvetica; color: #292b2c; mso-bidi-language: TH;\">คนปัตตานีทำนาเกลือมาเป็นร้อยปี</span><span style=\"font-size: 16.0pt; font-family: \'Helvetica\',sans-serif; mso-fareast-font-family: \'Times New Roman\'; mso-bidi-font-family: \'Times New Roman\'; color: #292b2c;\">&nbsp;</span><span lang=\"TH\" style=\"font-size: 16.0pt; font-family: \'Angsana New\',serif; mso-ascii-font-family: Helvetica; mso-fareast-font-family: \'Times New Roman\'; mso-hansi-font-family: Helvetica; color: #292b2c; mso-bidi-language: TH;\">และที่บ้านบานาแห่งนี้ยังเป็นนาเกลือผืนเดียวของภาคใต้อีกด้วย</span><span style=\"font-size: 16.0pt; font-family: \'Helvetica\',sans-serif; mso-fareast-font-family: \'Times New Roman\'; mso-bidi-font-family: \'Times New Roman\'; color: #292b2c;\">&nbsp;</span><span lang=\"TH\" style=\"font-size: 16.0pt; font-family: \'Angsana New\',serif; mso-ascii-font-family: Helvetica; mso-fareast-font-family: \'Times New Roman\'; mso-hansi-font-family: Helvetica; color: #292b2c; mso-bidi-language: TH;\">เพราะพื้นที่ที่เหมาะสมกับการทำนาเกลือ</span><span style=\"font-size: 16.0pt; font-family: \'Helvetica\',sans-serif; mso-fareast-font-family: \'Times New Roman\'; mso-bidi-font-family: \'Times New Roman\'; color: #292b2c;\">&nbsp;</span><span lang=\"TH\" style=\"font-size: 16.0pt; font-family: \'Angsana New\',serif; mso-ascii-font-family: Helvetica; mso-fareast-font-family: \'Times New Roman\'; mso-hansi-font-family: Helvetica; color: #292b2c; mso-bidi-language: TH;\">น้ำทะเลในอ่าวไม่เค็มจัด</span><span style=\"font-size: 16.0pt; font-family: \'Helvetica\',sans-serif; mso-fareast-font-family: \'Times New Roman\'; mso-bidi-font-family: \'Times New Roman\'; color: #292b2c;\">&nbsp;</span><span lang=\"TH\" style=\"font-size: 16.0pt; font-family: \'Angsana New\',serif; mso-ascii-font-family: Helvetica; mso-fareast-font-family: \'Times New Roman\'; mso-hansi-font-family: Helvetica; color: #292b2c; mso-bidi-language: TH;\">สภาพอากาศเอื้ออำนวยในฤดูแล้ง</span><span style=\"font-size: 16.0pt; font-family: \'Helvetica\',sans-serif; mso-fareast-font-family: \'Times New Roman\'; mso-bidi-font-family: \'Times New Roman\'; color: #292b2c;\">&nbsp;</span><span lang=\"TH\" style=\"font-size: 16.0pt; font-family: \'Angsana New\',serif; mso-ascii-font-family: Helvetica; mso-fareast-font-family: \'Times New Roman\'; mso-hansi-font-family: Helvetica; color: #292b2c; mso-bidi-language: TH;\">จึงทำให้นาเกลือบ้านบานาเป็นพื้นที่เศรษฐกิจสำคัญในอตีด</span></p>\r\n<p class=\"MsoNormal\" style=\"margin-bottom: 19.2pt; line-height: 18pt; background-image: initial; background-position: initial; background-size: initial; background-repeat: initial; background-attachment: initial; background-origin: initial; background-clip: initial;\">&nbsp;</p>\r\n<p class=\"MsoNormal\" style=\"margin-bottom: 19.2pt; line-height: 18pt; background-image: initial; background-position: initial; background-size: initial; background-repeat: initial; background-attachment: initial; background-origin: initial; background-clip: initial;\"><span lang=\"TH\" style=\"font-size: 16.0pt; font-family: \'Angsana New\',serif; mso-ascii-font-family: Helvetica; mso-fareast-font-family: \'Times New Roman\'; mso-hansi-font-family: Helvetica; color: #292b2c; mso-bidi-language: TH;\">เกลือหวานที่ปัตตานียังผลิตกันด้วยวิธีดั้งเดิม</span><span style=\"font-size: 16.0pt; font-family: \'Helvetica\',sans-serif; mso-fareast-font-family: \'Times New Roman\'; mso-bidi-font-family: \'Times New Roman\'; color: #292b2c;\">&nbsp;</span><span lang=\"TH\" style=\"font-size: 16.0pt; font-family: \'Angsana New\',serif; mso-ascii-font-family: Helvetica; mso-fareast-font-family: \'Times New Roman\'; mso-hansi-font-family: Helvetica; color: #292b2c; mso-bidi-language: TH;\">ใช้เครื่อไม้เครื่องมือที่เป็นภูมิปัญญาตกทอดกันมาจากรุ่นสู่รุ่น</span><span style=\"font-size: 16.0pt; font-family: \'Helvetica\',sans-serif; mso-fareast-font-family: \'Times New Roman\'; mso-bidi-font-family: \'Times New Roman\'; color: #292b2c;\">&nbsp;</span><span lang=\"TH\" style=\"font-size: 16.0pt; font-family: \'Angsana New\',serif; mso-ascii-font-family: Helvetica; mso-fareast-font-family: \'Times New Roman\'; mso-hansi-font-family: Helvetica; color: #292b2c; mso-bidi-language: TH;\">ภาพนาเกลือในดินแดนปลายด้ามขวานอาจไม่ใช่ภาพที่คุ้นตานักท่องเที่ยวมากนัก</span><span style=\"font-size: 16.0pt; font-family: \'Helvetica\',sans-serif; mso-fareast-font-family: \'Times New Roman\'; mso-bidi-font-family: \'Times New Roman\'; color: #292b2c;\">&nbsp;</span><span lang=\"TH\" style=\"font-size: 16.0pt; font-family: \'Angsana New\',serif; mso-ascii-font-family: Helvetica; mso-fareast-font-family: \'Times New Roman\'; mso-hansi-font-family: Helvetica; color: #292b2c; mso-bidi-language: TH;\">แต่หากได้ลองลิ้มรส</span><span style=\"font-size: 16.0pt; font-family: \'Helvetica\',sans-serif; mso-fareast-font-family: \'Times New Roman\'; mso-bidi-font-family: \'Times New Roman\'; color: #292b2c;\">&nbsp;</span><span lang=\"TH\" style=\"font-size: 16.0pt; font-family: \'Angsana New\',serif; mso-ascii-font-family: Helvetica; mso-fareast-font-family: \'Times New Roman\'; mso-hansi-font-family: Helvetica; color: #292b2c; mso-bidi-language: TH;\">คุณอาจต้องหิ้วเกลือถุงใหญ่กลับเข้าครัวที่บ้านก็เป็นได้</span></p>\r\n<p class=\"MsoNormal\" style=\"margin-bottom: 19.2pt; line-height: 18pt; background-image: initial; background-position: initial; background-size: initial; background-repeat: initial; background-attachment: initial; background-origin: initial; background-clip: initial;\"><span lang=\"TH\" style=\"font-size: 16.0pt; font-family: \'Angsana New\',serif; mso-ascii-font-family: Helvetica; mso-fareast-font-family: \'Times New Roman\'; mso-hansi-font-family: Helvetica; color: #292b2c; mso-bidi-language: TH;\"><img src=\"http://tourism.test/storage/reviews/June2021/aHR0cHM6Ly9zLmlzYW5vb2suY29tL3RyLzAvdWQvMjgzLzE0MTgxODcvZGV1MTU1MC03Njh4NTEyLmpwZw==.jpg\" alt=\"\" /></span></p>\r\n<p class=\"MsoNormal\" style=\"margin-bottom: 19.2pt; line-height: 18pt; background-image: initial; background-position: initial; background-size: initial; background-repeat: initial; background-attachment: initial; background-origin: initial; background-clip: initial;\"><span lang=\"TH\" style=\"font-size: 16.0pt; font-family: \'Angsana New\',serif; mso-ascii-font-family: Helvetica; mso-fareast-font-family: \'Times New Roman\'; mso-hansi-font-family: Helvetica; color: #292b2c; mso-bidi-language: TH;\"><img src=\"http://tourism.test/storage/reviews/June2021/aHR0cHM6Ly9zLmlzYW5vb2suY29tL3RyLzAvdWQvMjgzLzE0MTgxODcvZGV1MTU3MS03Njh4NTEyLmpwZw==.jpg\" alt=\"\" /></span></p>\r\n<p class=\"MsoNormal\" style=\"margin: 12pt 0cm; line-height: normal; background-image: initial; background-position: initial; background-size: initial; background-repeat: initial; background-attachment: initial; background-origin: initial; background-clip: initial;\"><strong><span lang=\"TH\" style=\"font-size: 16.0pt; font-family: \'Angsana New\',serif; mso-ascii-font-family: Helvetica; mso-fareast-font-family: \'Times New Roman\'; mso-hansi-font-family: Helvetica; color: #292b2c; mso-bidi-language: TH;\">มื้อเที่ยงแสนอร่อย</span></strong></p>\r\n<p class=\"MsoNormal\" style=\"margin-bottom: 19.2pt; line-height: 18pt; background-image: initial; background-position: initial; background-size: initial; background-repeat: initial; background-attachment: initial; background-origin: initial; background-clip: initial;\">&nbsp;</p>\r\n<p class=\"MsoNormal\" style=\"margin-bottom: 19.2pt; line-height: 18pt; background-image: initial; background-position: initial; background-size: initial; background-repeat: initial; background-attachment: initial; background-origin: initial; background-clip: initial;\"><span lang=\"TH\" style=\"font-size: 16.0pt; font-family: \'Angsana New\',serif; mso-ascii-font-family: Helvetica; mso-fareast-font-family: \'Times New Roman\'; mso-hansi-font-family: Helvetica; color: #292b2c; mso-bidi-language: TH;\">มาถึงถิ่นชาวประมง</span><span style=\"font-size: 16.0pt; font-family: \'Helvetica\',sans-serif; mso-fareast-font-family: \'Times New Roman\'; mso-bidi-font-family: \'Times New Roman\'; color: #292b2c;\">&nbsp;</span><span lang=\"TH\" style=\"font-size: 16.0pt; font-family: \'Angsana New\',serif; mso-ascii-font-family: Helvetica; mso-fareast-font-family: \'Times New Roman\'; mso-hansi-font-family: Helvetica; color: #292b2c; mso-bidi-language: TH;\">จะไม่แวะกินข้าวได้อย่างไร</span><span style=\"font-size: 16.0pt; font-family: \'Helvetica\',sans-serif; mso-fareast-font-family: \'Times New Roman\'; mso-bidi-font-family: \'Times New Roman\'; color: #292b2c;\">&nbsp;&nbsp;</span><span lang=\"TH\" style=\"font-size: 16.0pt; font-family: \'Angsana New\',serif; mso-ascii-font-family: Helvetica; mso-fareast-font-family: \'Times New Roman\'; mso-hansi-font-family: Helvetica; color: #292b2c; mso-bidi-language: TH;\">เพราะชื่อเสียงว่าที่นี่อุดมสมบูรณ์</span><span style=\"font-size: 16.0pt; font-family: \'Helvetica\',sans-serif; mso-fareast-font-family: \'Times New Roman\'; mso-bidi-font-family: \'Times New Roman\'; color: #292b2c;\">&nbsp;</span><span lang=\"TH\" style=\"font-size: 16.0pt; font-family: \'Angsana New\',serif; mso-ascii-font-family: Helvetica; mso-fareast-font-family: \'Times New Roman\'; mso-hansi-font-family: Helvetica; color: #292b2c; mso-bidi-language: TH;\">เกลือหวานรสชาติดี</span><span style=\"font-size: 16.0pt; font-family: \'Helvetica\',sans-serif; mso-fareast-font-family: \'Times New Roman\'; mso-bidi-font-family: \'Times New Roman\'; color: #292b2c;\">&nbsp;</span><span lang=\"TH\" style=\"font-size: 16.0pt; font-family: \'Angsana New\',serif; mso-ascii-font-family: Helvetica; mso-fareast-font-family: \'Times New Roman\'; mso-hansi-font-family: Helvetica; color: #292b2c; mso-bidi-language: TH;\">จึงต้องขอพิสูจน์สักครั้ง</span><span style=\"font-size: 16.0pt; font-family: \'Helvetica\',sans-serif; mso-fareast-font-family: \'Times New Roman\'; mso-bidi-font-family: \'Times New Roman\'; color: #292b2c;\">&nbsp;</span><span lang=\"TH\" style=\"font-size: 16.0pt; font-family: \'Angsana New\',serif; mso-ascii-font-family: Helvetica; mso-fareast-font-family: \'Times New Roman\'; mso-hansi-font-family: Helvetica; color: #292b2c; mso-bidi-language: TH;\">อาหารของที่นี่เป็นอาหารพื้นบ้านที่วัตถุดิบหาได้ในชุมชน</span><span style=\"font-size: 16.0pt; font-family: \'Helvetica\',sans-serif; mso-fareast-font-family: \'Times New Roman\'; mso-bidi-font-family: \'Times New Roman\'; color: #292b2c;\">&nbsp;</span><span lang=\"TH\" style=\"font-size: 16.0pt; font-family: \'Angsana New\',serif; mso-ascii-font-family: Helvetica; mso-fareast-font-family: \'Times New Roman\'; mso-hansi-font-family: Helvetica; color: #292b2c; mso-bidi-language: TH;\">เช่น</span><span style=\"font-size: 16.0pt; font-family: \'Helvetica\',sans-serif; mso-fareast-font-family: \'Times New Roman\'; mso-bidi-font-family: \'Times New Roman\'; color: #292b2c;\">&nbsp;</span><span lang=\"TH\" style=\"font-size: 16.0pt; font-family: \'Angsana New\',serif; mso-ascii-font-family: Helvetica; mso-fareast-font-family: \'Times New Roman\'; mso-hansi-font-family: Helvetica; color: #292b2c; mso-bidi-language: TH;\">ปลา</span><span style=\"font-size: 16.0pt; font-family: \'Helvetica\',sans-serif; mso-fareast-font-family: \'Times New Roman\'; mso-bidi-font-family: \'Times New Roman\'; color: #292b2c;\">&nbsp;</span><span lang=\"TH\" style=\"font-size: 16.0pt; font-family: \'Angsana New\',serif; mso-ascii-font-family: Helvetica; mso-fareast-font-family: \'Times New Roman\'; mso-hansi-font-family: Helvetica; color: #292b2c; mso-bidi-language: TH;\">กุ้ง</span><span style=\"font-size: 16.0pt; font-family: \'Helvetica\',sans-serif; mso-fareast-font-family: \'Times New Roman\'; mso-bidi-font-family: \'Times New Roman\'; color: #292b2c;\">&nbsp;</span><span lang=\"TH\" style=\"font-size: 16.0pt; font-family: \'Angsana New\',serif; mso-ascii-font-family: Helvetica; mso-fareast-font-family: \'Times New Roman\'; mso-hansi-font-family: Helvetica; color: #292b2c; mso-bidi-language: TH;\">หอย</span><span style=\"font-size: 16.0pt; font-family: \'Helvetica\',sans-serif; mso-fareast-font-family: \'Times New Roman\'; mso-bidi-font-family: \'Times New Roman\'; color: #292b2c;\">&nbsp;</span><span lang=\"TH\" style=\"font-size: 16.0pt; font-family: \'Angsana New\',serif; mso-ascii-font-family: Helvetica; mso-fareast-font-family: \'Times New Roman\'; mso-hansi-font-family: Helvetica; color: #292b2c; mso-bidi-language: TH;\">แต่รสชาติไม่ธรรมดา</span><span style=\"font-size: 16.0pt; font-family: \'Helvetica\',sans-serif; mso-fareast-font-family: \'Times New Roman\'; mso-bidi-font-family: \'Times New Roman\'; color: #292b2c;\">&nbsp;</span><span lang=\"TH\" style=\"font-size: 16.0pt; font-family: \'Angsana New\',serif; mso-ascii-font-family: Helvetica; mso-fareast-font-family: \'Times New Roman\'; mso-hansi-font-family: Helvetica; color: #292b2c; mso-bidi-language: TH;\">อาจเพราะความสดของวัตถุดิบ</span><span style=\"font-size: 16.0pt; font-family: \'Helvetica\',sans-serif; mso-fareast-font-family: \'Times New Roman\'; mso-bidi-font-family: \'Times New Roman\'; color: #292b2c;\">&nbsp;</span><span lang=\"TH\" style=\"font-size: 16.0pt; font-family: \'Angsana New\',serif; mso-ascii-font-family: Helvetica; mso-fareast-font-family: \'Times New Roman\'; mso-hansi-font-family: Helvetica; color: #292b2c; mso-bidi-language: TH;\">เพราะเกลือดีมีคุณภาพ</span><span style=\"font-size: 16.0pt; font-family: \'Helvetica\',sans-serif; mso-fareast-font-family: \'Times New Roman\'; mso-bidi-font-family: \'Times New Roman\'; color: #292b2c;\">&nbsp;</span><span lang=\"TH\" style=\"font-size: 16.0pt; font-family: \'Angsana New\',serif; mso-ascii-font-family: Helvetica; mso-fareast-font-family: \'Times New Roman\'; mso-hansi-font-family: Helvetica; color: #292b2c; mso-bidi-language: TH;\">และเพราะฝีมือแม่ครัวบ้านบานา</span><span style=\"font-size: 16.0pt; font-family: \'Helvetica\',sans-serif; mso-fareast-font-family: \'Times New Roman\'; mso-bidi-font-family: \'Times New Roman\'; color: #292b2c;\">&nbsp;</span><span lang=\"TH\" style=\"font-size: 16.0pt; font-family: \'Angsana New\',serif; mso-ascii-font-family: Helvetica; mso-fareast-font-family: \'Times New Roman\'; mso-hansi-font-family: Helvetica; color: #292b2c; mso-bidi-language: TH;\">ผสมกลมเกลียวกันจนเป็นกับข้าวรสเลิศ</span><span style=\"font-size: 16.0pt; font-family: \'Helvetica\',sans-serif; mso-fareast-font-family: \'Times New Roman\'; mso-bidi-font-family: \'Times New Roman\'; color: #292b2c;\">&nbsp;</span><span lang=\"TH\" style=\"font-size: 16.0pt; font-family: \'Angsana New\',serif; mso-ascii-font-family: Helvetica; mso-fareast-font-family: \'Times New Roman\'; mso-hansi-font-family: Helvetica; color: #292b2c; mso-bidi-language: TH;\">ที่ต้องบอกว่ามาบ้านบานาแล้ว&hellip;ต้องห้ามพลาด!</span></p>\r\n<p class=\"MsoNormal\" style=\"margin-bottom: 19.2pt; line-height: 18pt; background-image: initial; background-position: initial; background-size: initial; background-repeat: initial; background-attachment: initial; background-origin: initial; background-clip: initial;\"><span lang=\"TH\" style=\"font-size: 16.0pt; font-family: \'Angsana New\',serif; mso-ascii-font-family: Helvetica; mso-fareast-font-family: \'Times New Roman\'; mso-hansi-font-family: Helvetica; color: #292b2c; mso-bidi-language: TH;\"><img src=\"http://tourism.test/storage/reviews/June2021/aHR0cHM6Ly9zLmlzYW5vb2suY29tL3RyLzAvdWQvMjgzLzE0MTgxODcvZGV1MTY4NS1vaGRxZDl0ZGkweXJzejR2d3E3eWouanBn.jpg\" alt=\"\" /></span></p>\r\n<p class=\"MsoNormal\" style=\"margin-bottom: 19.2pt; line-height: 18pt; background-image: initial; background-position: initial; background-size: initial; background-repeat: initial; background-attachment: initial; background-origin: initial; background-clip: initial;\">ชมต้นฉบับได้ที่ เครดิต : https://www.sanook.com/travel/1418187/</p>\r\n<p>&nbsp;</p>\r\n<p>&nbsp;</p>', 'reviews\\June2021\\UOCGADj7fyrTSeTIWjFC.jpg', 2, 3, '2021-06-15 07:06:00', '2021-06-19 11:22:57', 1);
INSERT INTO `reviews` (`id`, `name`, `budget`, `duration`, `body`, `cover_image`, `province_id`, `category_id`, `created_at`, `updated_at`, `user_id`) VALUES
(3, 'ฆูนุงซีลีปัต อันซีนทะเลหมอกแดนใต้ สวยงามไม่แพ้ภาคเหนือ', 0, 1, '<p><span style=\"color: #292b2c; font-family: \'Helvetica Neue\', Helvetica, Arial, sans-serif; font-size: 16.5px;\">เมื่อพูดถึงการชม</span><a class=\"keyword\" style=\"box-sizing: inherit; color: #333333; text-decoration-line: none; outline: 0px; touch-action: manipulation; word-break: break-all; font-family: \'Helvetica Neue\', Helvetica, Arial, sans-serif; font-size: 16.5px;\" title=\"ทะเล\" href=\"https://www.sanook.com/travel/1397261/\" target=\"_blank\" rel=\"noopener\">ทะเล</a><span style=\"color: #292b2c; font-family: \'Helvetica Neue\', Helvetica, Arial, sans-serif; font-size: 16.5px;\">หมอกหลายคนคงนึกถึงทางภาคเหนือในช่วงของฤดูหนาวแต่ว่าวันนี้จะพาไปชมทะเลหมอกที่ยอดเขาฆูนุงซีลีปัต&nbsp;ยังคงอยู่ในตำบลอัยเยอร์เวง อำเภอเบตง จังหวัดยะลา&nbsp;ทะเลหมอกที่นี่สามารถ</span><a class=\"keyword\" style=\"box-sizing: inherit; color: #333333; text-decoration-line: none; outline: 0px; touch-action: manipulation; word-break: break-all; font-family: \'Helvetica Neue\', Helvetica, Arial, sans-serif; font-size: 16.5px;\" title=\"ท่องเที่ยว\" href=\"https://www.sanook.com/travel\" target=\"_blank\" rel=\"noopener\">ท่องเที่ยว</a><span style=\"color: #292b2c; font-family: \'Helvetica Neue\', Helvetica, Arial, sans-serif; font-size: 16.5px;\">ได้ตลอดทั้งปี&nbsp;ที่สำคัญยังเป็นการเพิ่มรายได้ให้คนในพื้นที่&nbsp;ที่พัฒนาแหล่ง</span><a class=\"keyword\" style=\"box-sizing: inherit; color: #333333; text-decoration-line: none; outline: 0px; touch-action: manipulation; word-break: break-all; font-family: \'Helvetica Neue\', Helvetica, Arial, sans-serif; font-size: 16.5px;\" title=\"ท่องเที่ยว\" href=\"https://www.sanook.com/travel\" target=\"_blank\" rel=\"noopener\">ท่องเที่ยว</a><span style=\"color: #292b2c; font-family: \'Helvetica Neue\', Helvetica, Arial, sans-serif; font-size: 16.5px;\">เหล่านี้ขึ้นมาเอง</span></p>\r\n<p><span style=\"color: #292b2c; font-family: \'Helvetica Neue\', Helvetica, Arial, sans-serif; font-size: 16.5px;\"><img src=\"http://tourism.test/storage/reviews/June2021/aHR0cHM6Ly9zLmlzYW5vb2suY29tL3RyLzAvdWQvMjg0LzE0MjQxNDMvMjItMTEtNjMtMSgxNCkuanBn.jpg\" alt=\"\" /></span></p>\r\n<p><span style=\"color: #292b2c; font-family: \'Helvetica Neue\', Helvetica, Arial, sans-serif; font-size: 16.5px;\"><img src=\"http://tourism.test/storage/reviews/June2021/aHR0cHM6Ly9zLmlzYW5vb2suY29tL3RyLzAvdWQvMjg0LzE0MjQxNDMvMjItMTEtNjMtMSgyMikuanBn.jpg\" alt=\"\" /></span></p>\r\n<p><span style=\"color: #292b2c; font-family: \'Helvetica Neue\', Helvetica, Arial, sans-serif; font-size: 16.5px;\">นอกเหนือจากทะเลหมอกอัยเยอร์เวงที่ขึ้นชื่อแล้วยังมีจุดชมทะเลหมอกที่สวยงามอีกหลายแห่งหนึ่งในนั้น คือ ทะเลหมอกฆูนุงซีลีปัต ซึ่งเป็นจุดชมทะเลหมอกสุดอลังการที่มองเห็นได้แบบ 360 องศา เป็นสายหมอกที่คลอเคลียงดงามตามไหล่เขาสันกาลาคีรี ที่เรียงรายสลับซับซ้อน หันมองไปทางไหนก็จะเห็นแต่สายหมอกขาวจรดขอบฟ้าครามที่โอบกอดเราไว้ เรียกได้ว่าเป็นสุดยอดความงามที่สุดแห่งหนึ่งของเมืองไทยเลยทีเดียว&nbsp; นักเดินทางที่ชื่นชอบความท้าทายในการเดินขึ้นเขาฆูนุงซีลีปัต ต้องไม่พลาด ที่สำคัญมีหมอกให้ชมได้ตลอดทั้งปีไม่ต้องรอให้ถึงหน้าหนาว รับรองได้ว่าหากใครได้ไปสัมผัสต้องประทับใจแบบไม่รู้ลืม</span></p>\r\n<p><span style=\"color: #292b2c; font-family: \'Helvetica Neue\', Helvetica, Arial, sans-serif; font-size: 16.5px;\"><img src=\"http://tourism.test/storage/reviews/June2021/aHR0cHM6Ly9zLmlzYW5vb2suY29tL3RyLzAvdWQvMjg0LzE0MjQxNDMvMjItMTEtNjMtMSgyKS5qcGc=1.jpg\" alt=\"\" /></span></p>\r\n<p><span style=\"color: #292b2c; font-family: \'Helvetica Neue\', Helvetica, Arial, sans-serif; font-size: 16.5px;\"><img src=\"http://tourism.test/storage/reviews/June2021/aHR0cHM6Ly9zLmlzYW5vb2suY29tL3RyLzAvdWQvMjg0LzE0MjQxNDMvMjItMTEtNjMtMSgyMCkuanBn1.jpg\" alt=\"\" /></span></p>\r\n<p><span style=\"color: #292b2c; font-family: \'Helvetica Neue\', Helvetica, Arial, sans-serif; font-size: 16.5px;\">ทะเลหมอกแห่งนี้เรียกว่า ทะเลหมอกเขาฆูนุงซีลีปัต&nbsp; ซึ่งตั้งอยู่ที่ กม.28 ต.อัยเยอร์เวง อ.เบตง จ.ยะลา สามารถมองได้รอบตัว 360 องศา ยอดสูงถึง 607 เมตร จากระดับน้ำทะเล เป็นจุดชมทะเลหมอกเบตง ที่ สวยงามมากอีกจุดของอำเภอเบตง จ.ยะลา อยู่ห่างจากในเมืองเบตงไปตามเส้นทางหมายเลข 410 ( ยะลา - เบตง ) ประมาณ 21 กิโลเมตรเท่านั้น</span></p>\r\n<p><span style=\"color: #292b2c; font-family: \'Helvetica Neue\', Helvetica, Arial, sans-serif; font-size: 16.5px;\"><img src=\"http://tourism.test/storage/reviews/June2021/aHR0cHM6Ly9zLmlzYW5vb2suY29tL3RyLzAvdWQvMjg0LzE0MjQxNDMvMjItMTEtNjMtMSgxOSkuanBn.jpg\" alt=\"\" /></span></p>\r\n<p><span style=\"color: #292b2c; font-family: \'Helvetica Neue\', Helvetica, Arial, sans-serif; font-size: 16.5px;\"><img src=\"http://tourism.test/storage/reviews/June2021/aHR0cHM6Ly9zLmlzYW5vb2suY29tL3RyLzAvdWQvMjg0LzE0MjQxNDMvMjItMTEtNjMtMSgyNSkuanBn.jpg\" alt=\"\" /></span></p>\r\n<p><span style=\"color: #292b2c; font-family: \'Helvetica Neue\', Helvetica, Arial, sans-serif; font-size: 16.5px;\">ส่วนการเดินทางทะเลหมอกฆูนุงซีลีปัต สามารถเที่ยวได้แบบวันเดียวโดยขึ้นไปชมทะเลหมอกในตอนเช้าโดยเลือกพักที่ตัวอำเภอเบตง หรือจะพักค้างแรมข้างบนก็จุดกางเต็นท์ ซึ่งห่างจากจุดชมวิวประมาณ 200 เมตร ซึ่งเป็นพื้นที่ของเอกชนมีเต็นท์ ถุงนอน และ</span><a class=\"keyword\" style=\"box-sizing: inherit; color: #333333; text-decoration-line: none; outline: 0px; touch-action: manipulation; word-break: break-all; font-family: \'Helvetica Neue\', Helvetica, Arial, sans-serif; font-size: 16.5px;\" title=\"อาหาร\" href=\"https://www.sanook.com/travel/restaurant/\" target=\"_blank\" rel=\"noopener\">อาหาร</a><span style=\"color: #292b2c; font-family: \'Helvetica Neue\', Helvetica, Arial, sans-serif; font-size: 16.5px;\">ให้บริการ หรือจะเตรียมอาหารมาเองก็ได้&nbsp; โดยเส้นทางขึ้นมาชมทะเลทะเลหมอกฆูนุงซีลีปัต&nbsp; มีสองเส้นทางให้เลือก 2 ทาง คือ เส้นทางแรกสำหรับคนที่ไม่ชอบเดินไกลแบบเรา ก็นั่งรถโฟวิล จากปากทางขึ้นใช้เวลาประมาณ 20 นาที จากนั้นเดินเท้าต่อไปอีก 700 เมตร&nbsp; เส้นทาง 500เมตรแรก เดินผ่านสวนยางที่ต้องไต่ระดับขึ้นไปเรื่อยๆแต่ไม่ชันมากนัก จะชันที่สุดในช่วง 200 เมตรสุดท้ายที่ต้องไต่ขึ้นยอดเขาเป็นหินและมีเชือกให้จับเดินไปก็จะถึงจุดชมวิว อีกเส้นทาง คือเข้าทางหลักกิโลเมตร&nbsp; ก.ม. 28 สำหรับสายแอดเวนเจอร์ ที่ชอบเดินป่า โดยนั่งรถโฟวิล&nbsp; มาประมาณ 3 ก.ม. และเดินเท้าต่อไปอีก 2 กิโลเมตร ซึ่งเส้นทางนี้จะเดินทางนาน เหมาะสำหรับการมาค้างคืนมากกว่าที่นี่จะมีนักท่องเที่ยวเดินทางมาเที่ยวตลอดทั้งปี ทั้งจากต่างจังหวัด และต่างประเทศ อาทิจากประเทศ อินโดนีเซีย มาเลยเซีย ร่วมทั้งมีสำนักข่าวต่างๆ ทั้ง สื่อโทรทัศน์ หนังสือพิมพ์ และนิตยาสาร จนนักท่องเที่ยวยกย่องว่า \"เป็นทะเลหมอกที่สวยที่สุดแห่งหนึ่งในประเทศไทย\".เลยทีเดียว&nbsp;</span></p>\r\n<p><span style=\"color: #292b2c; font-family: \'Helvetica Neue\', Helvetica, Arial, sans-serif; font-size: 16.5px;\">เครดิต ขอบคุณบทความจาก : </span><span style=\"color: #292b2c; font-family: \'Angsana New\', serif; font-size: 16pt;\">Peeranut P.</span></p>\r\n<p><span style=\"color: #292b2c; font-family: \'Angsana New\', serif; font-size: 16pt;\">ชมต้นฉบับได้ที่ :&nbsp;</span><span style=\"color: #292b2c; font-family: Angsana New, serif;\"><span style=\"font-size: 21.3333px;\">https://www.sanook.com/travel/1424143/</span></span></p>\r\n<p class=\"MsoNormal\" style=\"margin-bottom: 19.2pt; line-height: 18pt; background-image: initial; background-position: initial; background-size: initial; background-repeat: initial; background-attachment: initial; background-origin: initial; background-clip: initial;\">&nbsp;</p>\r\n<p class=\"MsoNormal\" style=\"margin-bottom: 19.2pt; line-height: 18pt; background-image: initial; background-position: initial; background-size: initial; background-repeat: initial; background-attachment: initial; background-origin: initial; background-clip: initial;\">&nbsp;</p>\r\n<h1 class=\"jsx-3635446674 text-color-travel\" style=\"box-sizing: inherit; font-size: 1em; margin: 0px; font-family: sukhumvit; color: #80c02c;\">&nbsp;</h1>\r\n<p>&nbsp;</p>\r\n<p>&nbsp;</p>', 'reviews\\June2021\\izTuJkfSZ7rwgouEyE68.jpg', 1, 3, '2021-06-15 07:08:00', '2021-06-20 02:04:37', 1);
INSERT INTO `reviews` (`id`, `name`, `budget`, `duration`, `body`, `cover_image`, `province_id`, `category_id`, `created_at`, `updated_at`, `user_id`) VALUES
(4, 'รีวิว “ เบตง 8 จุดเช็คอิน ห้ามพลาด ต้องแวะต้องถ่ายภาพ”', 0, 1, '<p style=\"text-align: left;\"><img src=\"http://tourism.test/storage/reviews/June2021/2020-12_58985476b0fdf331.jpg\" alt=\"\" width=\"798\" height=\"532\" /></p>\r\n<h2><strong style=\"margin: 0px; padding: 0px; color: #333333; font-family: Arial, Helvetica, sans-serif; font-size: 16px; text-align: center;\">รีวิว </strong><strong style=\"margin: 0px; padding: 0px; color: #333333; font-family: Arial, Helvetica, sans-serif; font-size: 16px; text-align: center;\">&ldquo; เบตง 8 จุดเช็คอิน ห้ามพลาด ต้องแวะต้องถ่ายภาพ&rdquo; โดยล่องใต้ชายแดน</strong></h2>\r\n<p><strong style=\"margin: 0px; padding: 0px; color: #333333; font-family: Arial, Helvetica, sans-serif; font-size: 16px; text-align: center;\"><img src=\"http://tourism.test/storage/reviews/June2021/2020-12_a8eb3572116cb471.jpg\" alt=\"\" width=\"791\" height=\"527\" /></strong></p>\r\n<p style=\"margin: 0px; padding: 0px; border: 0px; font-variant-numeric: inherit; font-variant-east-asian: inherit; font-stretch: inherit; font-size: 13px; line-height: 20px; font-family: Arial, Helvetica, sans-serif; vertical-align: baseline; color: #333333; text-align: justify;\"><span style=\"margin: 0px; padding: 0px; border: 0px; font-style: inherit; font-variant: inherit; font-weight: inherit; font-stretch: inherit; font-size: 16px; line-height: inherit; font-family: inherit; vertical-align: baseline;\"><strong style=\"margin: 0px; padding: 0px;\">1.ป้าย ok เบตง : บอกให้รู้ ว่ามาถึงเบตงแล้วน่ะ &nbsp;&nbsp;</strong></span></p>\r\n<p style=\"margin: 0px; padding: 0px; border: 0px; font-variant-numeric: inherit; font-variant-east-asian: inherit; font-stretch: inherit; font-size: 13px; line-height: 20px; font-family: Arial, Helvetica, sans-serif; vertical-align: baseline; color: #333333; text-align: justify;\">&nbsp;</p>\r\n<p style=\"margin: 0px; padding: 0px; border: 0px; font-variant-numeric: inherit; font-variant-east-asian: inherit; font-stretch: inherit; font-size: 13px; line-height: 20px; font-family: Arial, Helvetica, sans-serif; vertical-align: baseline; color: #333333; text-align: justify;\"><span style=\"margin: 0px; padding: 0px; border: 0px; font-style: inherit; font-variant: inherit; font-weight: inherit; font-stretch: inherit; font-size: 16px; line-height: inherit; font-family: inherit; vertical-align: baseline;\">จุดเช็คอินแรกที่คอยต้อนรับนักท่องเที่ยวก่อนเข้าสู่ &ldquo;เมืองในหมอก&nbsp; ดอกไม้งาม&rdquo; &nbsp;สำหรับบันทึกภาพไว้เป็นที่ระลึก บอกให้ใครๆได้รู้ว่าเรามาถึงเบตงแล้วน่ะ ไปถ่ายรูปเช็คอินอวดเพื่อนๆ ในโซเชี่ยลกันที่ป้าย okเบตงก่อนจะเดินทางต่อครับ</span></p>\r\n<p style=\"margin: 0px; padding: 0px; border: 0px; font-variant-numeric: inherit; font-variant-east-asian: inherit; font-stretch: inherit; font-size: 13px; line-height: 20px; font-family: Arial, Helvetica, sans-serif; vertical-align: baseline; color: #333333; text-align: justify;\">&nbsp;</p>\r\n<p style=\"margin: 0px; padding: 0px; border: 0px; font-variant-numeric: inherit; font-variant-east-asian: inherit; font-stretch: inherit; font-size: 13px; line-height: 20px; font-family: Arial, Helvetica, sans-serif; vertical-align: baseline; color: #333333; text-align: justify;\"><span style=\"margin: 0px; padding: 0px; border: 0px; font-style: inherit; font-variant: inherit; font-weight: inherit; font-stretch: inherit; font-size: 16px; line-height: inherit; font-family: inherit; vertical-align: baseline;\"><strong style=\"margin: 0px; padding: 0px;\">สถานที่ตั้ง</strong>&nbsp;&nbsp;&nbsp;&nbsp;&nbsp;&nbsp;&nbsp;&nbsp;&nbsp; ทางเข้าตัวเมืองเบตง เส้นทางสาย 410 ถนนสายหลักในการเข้า-ออกตัวเมืองเบตง</span></p>\r\n<p style=\"margin: 0px; padding: 0px; border: 0px; font-variant-numeric: inherit; font-variant-east-asian: inherit; font-stretch: inherit; font-size: 13px; line-height: 20px; font-family: Arial, Helvetica, sans-serif; vertical-align: baseline; color: #333333; text-align: justify;\">&nbsp;</p>\r\n<p>&nbsp;</p>\r\n<p style=\"margin: 0px; padding: 0px; border: 0px; font-variant-numeric: inherit; font-variant-east-asian: inherit; font-stretch: inherit; font-size: 13px; line-height: 20px; font-family: Arial, Helvetica, sans-serif; vertical-align: baseline; color: #333333; text-align: justify;\"><span style=\"margin: 0px; padding: 0px; border: 0px; font-style: inherit; font-variant: inherit; font-weight: inherit; font-stretch: inherit; font-size: 16px; line-height: inherit; font-family: inherit; vertical-align: baseline;\"><strong style=\"margin: 0px; padding: 0px;\">พิกัด</strong>&nbsp;&nbsp;&nbsp;&nbsp;&nbsp;&nbsp;&nbsp;&nbsp;&nbsp;&nbsp;&nbsp;&nbsp;&nbsp;&nbsp;&nbsp;&nbsp;&nbsp;<a style=\"margin: 0px; padding: 0px; border: 0px; font: inherit; vertical-align: baseline; color: #000000; text-decoration-line: none;\" href=\"https://goo.gl/maps/29tEUvRDZWFGaqW7A\">https://goo.gl/maps/29tEUvRDZWFGaqW7A</a></span></p>\r\n<p style=\"margin: 0px; padding: 0px; border: 0px; font-variant-numeric: inherit; font-variant-east-asian: inherit; font-stretch: inherit; font-size: 13px; line-height: 20px; font-family: Arial, Helvetica, sans-serif; vertical-align: baseline; color: #333333; text-align: justify;\">&nbsp;</p>\r\n<p style=\"margin: 0px; padding: 0px; border: 0px; font-variant-numeric: inherit; font-variant-east-asian: inherit; font-stretch: inherit; font-size: 13px; line-height: 20px; font-family: Arial, Helvetica, sans-serif; vertical-align: baseline; color: #333333; text-align: justify;\"><span style=\"margin: 0px; padding: 0px; border: 0px; font-style: inherit; font-variant: inherit; font-weight: inherit; font-stretch: inherit; font-size: 16px; line-height: inherit; font-family: inherit; vertical-align: baseline;\"><img src=\"http://tourism.test/storage/reviews/June2021/2020-12_7b6e6ece0a51086.jpg\" alt=\"\" width=\"797\" height=\"531\" /></span></p>\r\n<p style=\"margin: 0px; padding: 0px; border: 0px; font-variant-numeric: inherit; font-variant-east-asian: inherit; font-stretch: inherit; font-size: 13px; line-height: 20px; font-family: Arial, Helvetica, sans-serif; vertical-align: baseline; color: #333333; text-align: justify;\">&nbsp;</p>\r\n<p style=\"margin: 0px; padding: 0px; border: 0px; font-variant-numeric: inherit; font-variant-east-asian: inherit; font-stretch: inherit; font-size: 13px; line-height: 20px; font-family: Arial, Helvetica, sans-serif; vertical-align: baseline; color: #333333; text-align: justify;\"><span style=\"margin: 0px; padding: 0px; border: 0px; font-style: inherit; font-variant: inherit; font-weight: inherit; font-stretch: inherit; font-size: 16px; line-height: inherit; font-family: inherit; vertical-align: baseline;\"><strong style=\"margin: 0px; padding: 0px;\">2.ชุมชนฮากกา : แม่กำปองที่เบตง</strong></span></p>\r\n<p style=\"margin: 0px; padding: 0px; border: 0px; font-variant-numeric: inherit; font-variant-east-asian: inherit; font-stretch: inherit; font-size: 13px; line-height: 20px; font-family: Arial, Helvetica, sans-serif; vertical-align: baseline; color: #333333; text-align: justify;\">&nbsp;</p>\r\n<p style=\"margin: 0px; padding: 0px; border: 0px; font-variant-numeric: inherit; font-variant-east-asian: inherit; font-stretch: inherit; font-size: 13px; line-height: 20px; font-family: Arial, Helvetica, sans-serif; vertical-align: baseline; color: #333333; text-align: justify;\"><span style=\"margin: 0px; padding: 0px; border: 0px; font-style: inherit; font-variant: inherit; font-weight: inherit; font-stretch: inherit; font-size: 16px; line-height: inherit; font-family: inherit; vertical-align: baseline;\">จุดเช็คอินอีกแห่งระดับห้ามพลาดอีกแห่ง ซึ่งเป็นชุมชนท่องเที่ยวในย่านที่อยู่อาศัยของชาวไทยเชื้อสายจีนฮากกาเต็มไปด้วยบ้านเรือน ที่อยู่อาศัยโบราณสร้างด้วยไม้เป็นเอกลักษณ์&nbsp; ทำให้บรรยากาศของชุมชนแห่งนี้ เหมือนหมู่บ้านแม่กำปอง จ.เชียงใหม่ ในชุมชนแห่งนี้ยังมีร้านเฉาก๋วย สูตรดั้งเดิม ขึ้นชื่อของเบตงอีกด้วย</span></p>\r\n<p style=\"margin: 0px; padding: 0px; border: 0px; font-variant-numeric: inherit; font-variant-east-asian: inherit; font-stretch: inherit; font-size: 13px; line-height: 20px; font-family: Arial, Helvetica, sans-serif; vertical-align: baseline; color: #333333; text-align: justify;\">&nbsp;</p>\r\n<p style=\"margin: 0px; padding: 0px; border: 0px; font-variant-numeric: inherit; font-variant-east-asian: inherit; font-stretch: inherit; font-size: 13px; line-height: 20px; font-family: Arial, Helvetica, sans-serif; vertical-align: baseline; color: #333333; text-align: justify;\"><span style=\"margin: 0px; padding: 0px; border: 0px; font-style: inherit; font-variant: inherit; font-weight: inherit; font-stretch: inherit; font-size: 16px; line-height: inherit; font-family: inherit; vertical-align: baseline;\"><strong style=\"margin: 0px; padding: 0px;\">สถานที่ตั้ง</strong>&nbsp;&nbsp;&nbsp;&nbsp;&nbsp;&nbsp;&nbsp;&nbsp;&nbsp; กม.4 ห่างจาก ป้ายok เบตง ประมาณ&nbsp; 1 กิโลเมตร ทางเข้าไปบ่อน้ำร้อนเบตง</span></p>\r\n<p style=\"margin: 0px; padding: 0px; border: 0px; font-variant-numeric: inherit; font-variant-east-asian: inherit; font-stretch: inherit; font-size: 13px; line-height: 20px; font-family: Arial, Helvetica, sans-serif; vertical-align: baseline; color: #333333; text-align: justify;\">&nbsp;</p>\r\n<p style=\"margin: 0px; padding: 0px; border: 0px; font-variant-numeric: inherit; font-variant-east-asian: inherit; font-stretch: inherit; font-size: 13px; line-height: 20px; font-family: Arial, Helvetica, sans-serif; vertical-align: baseline; color: #333333; text-align: justify;\">&nbsp;</p>\r\n<p style=\"margin: 0px; padding: 0px; border: 0px; font-variant-numeric: inherit; font-variant-east-asian: inherit; font-stretch: inherit; font-size: 13px; line-height: 20px; font-family: Arial, Helvetica, sans-serif; vertical-align: baseline; color: #333333; text-align: justify;\"><span style=\"margin: 0px; padding: 0px; border: 0px; font-style: inherit; font-variant: inherit; font-weight: inherit; font-stretch: inherit; font-size: 16px; line-height: inherit; font-family: inherit; vertical-align: baseline;\"><strong style=\"margin: 0px; padding: 0px;\">พิกัด</strong>&nbsp;&nbsp;&nbsp;&nbsp;&nbsp;&nbsp;&nbsp;&nbsp;&nbsp;&nbsp;&nbsp;&nbsp;&nbsp;&nbsp;&nbsp;&nbsp;&nbsp;<a style=\"margin: 0px; padding: 0px; border: 0px; font: inherit; vertical-align: baseline; color: #000000; text-decoration-line: none;\" href=\"https://goo.gl/maps/iNiVLQY3Yw91aJZz9\">https://goo.gl/maps/iNiVLQY3Yw91aJZz9</a></span></p>\r\n<p style=\"margin: 0px; padding: 0px; border: 0px; font-variant-numeric: inherit; font-variant-east-asian: inherit; font-stretch: inherit; font-size: 13px; line-height: 20px; font-family: Arial, Helvetica, sans-serif; vertical-align: baseline; color: #333333; text-align: justify;\">&nbsp;</p>\r\n<p style=\"margin: 0px; padding: 0px; border: 0px; font-variant-numeric: inherit; font-variant-east-asian: inherit; font-stretch: inherit; font-size: 13px; line-height: 20px; font-family: Arial, Helvetica, sans-serif; vertical-align: baseline; color: #333333; text-align: justify;\"><span style=\"margin: 0px; padding: 0px; border: 0px; font-style: inherit; font-variant: inherit; font-weight: inherit; font-stretch: inherit; font-size: 16px; line-height: inherit; font-family: inherit; vertical-align: baseline;\"><img src=\"http://tourism.test/storage/reviews/June2021/2020-12_646a257562f624d.jpg\" alt=\"\" width=\"810\" height=\"540\" /></span></p>\r\n<p style=\"margin: 0px; padding: 0px; border: 0px; font-variant-numeric: inherit; font-variant-east-asian: inherit; font-stretch: inherit; font-size: 13px; line-height: 20px; font-family: Arial, Helvetica, sans-serif; vertical-align: baseline; color: #333333; text-align: justify;\">&nbsp;</p>\r\n<p style=\"margin: 0px; padding: 0px; border: 0px; font-variant-numeric: inherit; font-variant-east-asian: inherit; font-stretch: inherit; font-size: 13px; line-height: 20px; font-family: Arial, Helvetica, sans-serif; vertical-align: baseline; color: #333333; text-align: justify;\"><span style=\"margin: 0px; padding: 0px; border: 0px; font-style: inherit; font-variant: inherit; font-weight: inherit; font-stretch: inherit; font-size: 16px; line-height: inherit; font-family: inherit; vertical-align: baseline;\"><strong style=\"margin: 0px; padding: 0px;\">3.street art เบตง : เตรียมเมมกล้องให้พร้อมก่อนมาที่นี่</strong></span></p>\r\n<p style=\"margin: 0px; padding: 0px; border: 0px; font-variant-numeric: inherit; font-variant-east-asian: inherit; font-stretch: inherit; font-size: 13px; line-height: 20px; font-family: Arial, Helvetica, sans-serif; vertical-align: baseline; color: #333333; text-align: justify;\">&nbsp;</p>\r\n<p style=\"margin: 0px; padding: 0px; border: 0px; font-variant-numeric: inherit; font-variant-east-asian: inherit; font-stretch: inherit; font-size: 13px; line-height: 20px; font-family: Arial, Helvetica, sans-serif; vertical-align: baseline; color: #333333; text-align: justify;\"><span style=\"margin: 0px; padding: 0px; border: 0px; font-style: inherit; font-variant: inherit; font-weight: inherit; font-stretch: inherit; font-size: 16px; line-height: inherit; font-family: inherit; vertical-align: baseline;\">ณ บริเวณใจกลางเมืองเบตง การมาที่นี่นักท่องเที่ยวต้องมีกล้องถ่ายรูปติดตัวไว้เสมอ เพราะจะได้ถ่ายภาพสวยๆ กับศิลปะสตรีทอาร์กว่า 30 ภาพที่กระจายอยู่ทั้งใจกลางเมืองเบตง ภาพศิลปะบนฝาผนังที่สะท้อนถึงวิถีชีวิต ความเป็นอยู่ อาหารการกิน ความเป็นเบตงได้อย่างสวยงาม</span></p>\r\n<p style=\"margin: 0px; padding: 0px; border: 0px; font-variant-numeric: inherit; font-variant-east-asian: inherit; font-stretch: inherit; font-size: 13px; line-height: 20px; font-family: Arial, Helvetica, sans-serif; vertical-align: baseline; color: #333333; text-align: justify;\">&nbsp;</p>\r\n<p style=\"margin: 0px; padding: 0px; border: 0px; font-variant-numeric: inherit; font-variant-east-asian: inherit; font-stretch: inherit; font-size: 13px; line-height: 20px; font-family: Arial, Helvetica, sans-serif; vertical-align: baseline; color: #333333; text-align: justify;\"><span style=\"margin: 0px; padding: 0px; border: 0px; font-style: inherit; font-variant: inherit; font-weight: inherit; font-stretch: inherit; font-size: 16px; line-height: inherit; font-family: inherit; vertical-align: baseline;\"><strong style=\"margin: 0px; padding: 0px;\">สถานที่ตั้ง</strong>&nbsp;&nbsp;&nbsp;&nbsp;&nbsp;&nbsp;&nbsp;&nbsp;&nbsp; บริเวณใจกลางเมืองเบตง</span></p>\r\n<p style=\"margin: 0px; padding: 0px; border: 0px; font-variant-numeric: inherit; font-variant-east-asian: inherit; font-stretch: inherit; font-size: 13px; line-height: 20px; font-family: Arial, Helvetica, sans-serif; vertical-align: baseline; color: #333333; text-align: justify;\">&nbsp;</p>\r\n<p style=\"margin: 0px; padding: 0px; border: 0px; font-variant-numeric: inherit; font-variant-east-asian: inherit; font-stretch: inherit; font-size: 13px; line-height: 20px; font-family: Arial, Helvetica, sans-serif; vertical-align: baseline; color: #333333; text-align: justify;\">&nbsp;</p>\r\n<p style=\"margin: 0px; padding: 0px; border: 0px; font-variant-numeric: inherit; font-variant-east-asian: inherit; font-stretch: inherit; font-size: 13px; line-height: 20px; font-family: Arial, Helvetica, sans-serif; vertical-align: baseline; color: #333333; text-align: justify;\"><span style=\"margin: 0px; padding: 0px; border: 0px; font-style: inherit; font-variant: inherit; font-weight: inherit; font-stretch: inherit; font-size: 16px; line-height: inherit; font-family: inherit; vertical-align: baseline;\"><strong style=\"margin: 0px; padding: 0px;\">พิกัด</strong>&nbsp;&nbsp;&nbsp;&nbsp;&nbsp;&nbsp;&nbsp;&nbsp;&nbsp;&nbsp;&nbsp;&nbsp;&nbsp;&nbsp;&nbsp;&nbsp;&nbsp;<a style=\"margin: 0px; padding: 0px; border: 0px; font: inherit; vertical-align: baseline; color: #000000; text-decoration-line: none;\" href=\"https://goo.gl/maps/C2MDHs9NfzpHSV6T7\">https://goo.gl/maps/C2MDHs9NfzpHSV6T7</a></span></p>\r\n<p style=\"margin: 0px; padding: 0px; border: 0px; font-variant-numeric: inherit; font-variant-east-asian: inherit; font-stretch: inherit; font-size: 13px; line-height: 20px; font-family: Arial, Helvetica, sans-serif; vertical-align: baseline; color: #333333; text-align: justify;\">&nbsp;</p>\r\n<p style=\"margin: 0px; padding: 0px; border: 0px; font-variant-numeric: inherit; font-variant-east-asian: inherit; font-stretch: inherit; font-size: 13px; line-height: 20px; font-family: Arial, Helvetica, sans-serif; vertical-align: baseline; color: #333333; text-align: justify;\"><span style=\"margin: 0px; padding: 0px; border: 0px; font-style: inherit; font-variant: inherit; font-weight: inherit; font-stretch: inherit; font-size: 16px; line-height: inherit; font-family: inherit; vertical-align: baseline;\"><img src=\"http://tourism.test/storage/reviews/June2021/2020-12_de6e76a33e600a5.jpg\" alt=\"\" width=\"831\" height=\"554\" /></span></p>\r\n<p style=\"margin: 0px; padding: 0px; border: 0px; font-variant-numeric: inherit; font-variant-east-asian: inherit; font-stretch: inherit; font-size: 13px; line-height: 20px; font-family: Arial, Helvetica, sans-serif; vertical-align: baseline; color: #333333; text-align: justify;\">&nbsp;</p>\r\n<p style=\"margin: 0px; padding: 0px; border: 0px; font-variant-numeric: inherit; font-variant-east-asian: inherit; font-stretch: inherit; font-size: 13px; line-height: 20px; font-family: Arial, Helvetica, sans-serif; vertical-align: baseline; color: #333333; text-align: justify;\"><span style=\"margin: 0px; padding: 0px; border: 0px; font-style: inherit; font-variant: inherit; font-weight: inherit; font-stretch: inherit; font-size: 16px; line-height: inherit; font-family: inherit; vertical-align: baseline;\"><strong style=\"margin: 0px; padding: 0px;\">4.อุโมงค์เบตงมงคลฤทธิ์&nbsp; :&nbsp; อุโมงค์รถยนต์ลอดภูเขาใจกลางเมืองแห่งแรกของประเทศไทย</strong></span></p>\r\n<p style=\"margin: 0px; padding: 0px; border: 0px; font-variant-numeric: inherit; font-variant-east-asian: inherit; font-stretch: inherit; font-size: 13px; line-height: 20px; font-family: Arial, Helvetica, sans-serif; vertical-align: baseline; color: #333333; text-align: justify;\">&nbsp;</p>\r\n<p style=\"margin: 0px; padding: 0px; border: 0px; font-variant-numeric: inherit; font-variant-east-asian: inherit; font-stretch: inherit; font-size: 13px; line-height: 20px; font-family: Arial, Helvetica, sans-serif; vertical-align: baseline; color: #333333; text-align: justify;\"><span style=\"margin: 0px; padding: 0px; border: 0px; font-style: inherit; font-variant: inherit; font-weight: inherit; font-stretch: inherit; font-size: 16px; line-height: inherit; font-family: inherit; vertical-align: baseline;\">จุดเช็คอินอีกแห่งในย่านใจกลางเมืองเบตง อุโมงค์รถยนต์ลอดภูเขาใจกลางเมืองแห่งแรกของประเทศไทยด้วยความยาวตลอดอุโมงค์ ประมาณ 273 เมตร เปิดใช้อย่างเป็นทางการเมื่อวันที่ 1 มกราคม 2544 &nbsp;&nbsp;ซึ่งในยามค่ำคืนสร้างความประทับใจให้นักท่องเที่ยวเป็นอย่างมาก&nbsp; ด้วยการประดับตกแต่งโคมไฟอย่างสวยงาม</span></p>\r\n<p style=\"margin: 0px; padding: 0px; border: 0px; font-variant-numeric: inherit; font-variant-east-asian: inherit; font-stretch: inherit; font-size: 13px; line-height: 20px; font-family: Arial, Helvetica, sans-serif; vertical-align: baseline; color: #333333; text-align: justify;\">&nbsp;</p>\r\n<p style=\"margin: 0px; padding: 0px; border: 0px; font-variant-numeric: inherit; font-variant-east-asian: inherit; font-stretch: inherit; font-size: 13px; line-height: 20px; font-family: Arial, Helvetica, sans-serif; vertical-align: baseline; color: #333333; text-align: justify;\"><span style=\"margin: 0px; padding: 0px; border: 0px; font-style: inherit; font-variant: inherit; font-weight: inherit; font-stretch: inherit; font-size: 16px; line-height: inherit; font-family: inherit; vertical-align: baseline;\"><strong style=\"margin: 0px; padding: 0px;\">สถานที่ตั้ง</strong>&nbsp;&nbsp;&nbsp;&nbsp;&nbsp;&nbsp;&nbsp;&nbsp;&nbsp; บริเวณถนนอมรฤทธิ์&nbsp; ใจกลางเมืองเบตง</span></p>\r\n<p style=\"margin: 0px; padding: 0px; border: 0px; font-variant-numeric: inherit; font-variant-east-asian: inherit; font-stretch: inherit; font-size: 13px; line-height: 20px; font-family: Arial, Helvetica, sans-serif; vertical-align: baseline; color: #333333; text-align: justify;\">&nbsp;</p>\r\n<p style=\"margin: 0px; padding: 0px; border: 0px; font-variant-numeric: inherit; font-variant-east-asian: inherit; font-stretch: inherit; font-size: 13px; line-height: 20px; font-family: Arial, Helvetica, sans-serif; vertical-align: baseline; color: #333333; text-align: justify;\">&nbsp;</p>\r\n<p style=\"margin: 0px; padding: 0px; border: 0px; font-variant-numeric: inherit; font-variant-east-asian: inherit; font-stretch: inherit; font-size: 13px; line-height: 20px; font-family: Arial, Helvetica, sans-serif; vertical-align: baseline; color: #333333; text-align: justify;\"><span style=\"margin: 0px; padding: 0px; border: 0px; font-style: inherit; font-variant: inherit; font-weight: inherit; font-stretch: inherit; font-size: 16px; line-height: inherit; font-family: inherit; vertical-align: baseline;\"><strong style=\"margin: 0px; padding: 0px;\">พิกัด</strong> &nbsp;&nbsp;&nbsp;&nbsp;&nbsp;&nbsp;&nbsp;&nbsp;&nbsp;&nbsp;&nbsp;&nbsp;&nbsp;&nbsp;&nbsp; https://goo.gl/maps/sjWWa1TTahZtFwrFA</span></p>\r\n<p style=\"margin: 0px; padding: 0px; border: 0px; font-variant-numeric: inherit; font-variant-east-asian: inherit; font-stretch: inherit; font-size: 13px; line-height: 20px; font-family: Arial, Helvetica, sans-serif; vertical-align: baseline; color: #333333; text-align: justify;\">&nbsp;</p>\r\n<p style=\"margin: 0px; padding: 0px; border: 0px; font-variant-numeric: inherit; font-variant-east-asian: inherit; font-stretch: inherit; font-size: 13px; line-height: 20px; font-family: Arial, Helvetica, sans-serif; vertical-align: baseline; color: #333333; text-align: justify;\"><span style=\"margin: 0px; padding: 0px; border: 0px; font-style: inherit; font-variant: inherit; font-weight: inherit; font-stretch: inherit; font-size: 16px; line-height: inherit; font-family: inherit; vertical-align: baseline;\"><img src=\"http://tourism.test/storage/reviews/June2021/2020-12_80c79cce088a4151.jpg\" alt=\"\" width=\"831\" height=\"554\" /></span></p>\r\n<p style=\"margin: 0px; padding: 0px; border: 0px; font-variant-numeric: inherit; font-variant-east-asian: inherit; font-stretch: inherit; font-size: 13px; line-height: 20px; font-family: Arial, Helvetica, sans-serif; vertical-align: baseline; color: #333333; text-align: justify;\">&nbsp;</p>\r\n<p style=\"margin: 0px; padding: 0px; border: 0px; font-variant-numeric: inherit; font-variant-east-asian: inherit; font-stretch: inherit; font-size: 13px; line-height: 20px; font-family: Arial, Helvetica, sans-serif; vertical-align: baseline; color: #333333; text-align: justify;\"><span style=\"margin: 0px; padding: 0px; border: 0px; font-style: inherit; font-variant: inherit; font-weight: inherit; font-stretch: inherit; font-size: 16px; line-height: inherit; font-family: inherit; vertical-align: baseline;\"><strong style=\"margin: 0px; padding: 0px;\">5.ตู้ไปรษณีย์เบตง :หนึ่งเดียวในประเทศไทย ตู้ไปรษณีย์ใหญ่ระดับตำนาน</strong></span></p>\r\n<p style=\"margin: 0px; padding: 0px; border: 0px; font-variant-numeric: inherit; font-variant-east-asian: inherit; font-stretch: inherit; font-size: 13px; line-height: 20px; font-family: Arial, Helvetica, sans-serif; vertical-align: baseline; color: #333333; text-align: justify;\">&nbsp;</p>\r\n<p style=\"margin: 0px; padding: 0px; border: 0px; font-variant-numeric: inherit; font-variant-east-asian: inherit; font-stretch: inherit; font-size: 13px; line-height: 20px; font-family: Arial, Helvetica, sans-serif; vertical-align: baseline; color: #333333; text-align: justify;\"><span style=\"margin: 0px; padding: 0px; border: 0px; font-style: inherit; font-variant: inherit; font-weight: inherit; font-stretch: inherit; font-size: 16px; line-height: inherit; font-family: inherit; vertical-align: baseline;\">นี่คืออีกหนึ่งสัญลักษณ์ ที่แสดงให้รู้ว่าคุณมาถึงเบตงแล้วอย่าพลาดที่จะมาเช็คอินกับตู้ไปรษณีย์ที่ใหญ่ที่สุดในโลก ถูกสร้างขึ้นเมื่อปี พ.ศ. 2467 &nbsp;ตั้งแต่ก่อนสมัยสงครามโลกครั้งที่สอง รวมความสูงทั้งหมดประมาณ 320 ซม. อายุกว่า 80 ปี&nbsp; จุดประสงค์ที่สร้างไว้ในครั้งแรกเพื่อใช้เป็นที่กระจายข่าวสารบ้านเมืองให้ชาวเมืองเบตงได้รับฟัง จากวิทยุที่ฝังอยู่ส่วนบนของตู้ และใช้เป็นตู้ไปรษณีย์มาจนทุกวันนี้</span></p>\r\n<p style=\"margin: 0px; padding: 0px; border: 0px; font-variant-numeric: inherit; font-variant-east-asian: inherit; font-stretch: inherit; font-size: 13px; line-height: 20px; font-family: Arial, Helvetica, sans-serif; vertical-align: baseline; color: #333333; text-align: justify;\">&nbsp;</p>\r\n<p style=\"margin: 0px; padding: 0px; border: 0px; font-variant-numeric: inherit; font-variant-east-asian: inherit; font-stretch: inherit; font-size: 13px; line-height: 20px; font-family: Arial, Helvetica, sans-serif; vertical-align: baseline; color: #333333; text-align: justify;\"><span style=\"margin: 0px; padding: 0px; border: 0px; font-style: inherit; font-variant: inherit; font-weight: inherit; font-stretch: inherit; font-size: 16px; line-height: inherit; font-family: inherit; vertical-align: baseline;\"><strong style=\"margin: 0px; padding: 0px;\">สถานที่ตั้ง</strong>&nbsp;&nbsp;&nbsp;&nbsp;&nbsp;&nbsp;&nbsp;&nbsp;&nbsp; มุมถนนสุขยางค์ บริเวณสี่แยกหอนาฬิกาใจกลางเมืองเบตง&nbsp;</span></p>\r\n<p style=\"margin: 0px; padding: 0px; border: 0px; font-variant-numeric: inherit; font-variant-east-asian: inherit; font-stretch: inherit; font-size: 13px; line-height: 20px; font-family: Arial, Helvetica, sans-serif; vertical-align: baseline; color: #333333; text-align: justify;\">&nbsp;</p>\r\n<p style=\"margin: 0px; padding: 0px; border: 0px; font-variant-numeric: inherit; font-variant-east-asian: inherit; font-stretch: inherit; font-size: 13px; line-height: 20px; font-family: Arial, Helvetica, sans-serif; vertical-align: baseline; color: #333333; text-align: justify;\">&nbsp;</p>\r\n<p style=\"margin: 0px; padding: 0px; border: 0px; font-variant-numeric: inherit; font-variant-east-asian: inherit; font-stretch: inherit; font-size: 13px; line-height: 20px; font-family: Arial, Helvetica, sans-serif; vertical-align: baseline; color: #333333; text-align: justify;\"><span style=\"margin: 0px; padding: 0px; border: 0px; font-style: inherit; font-variant: inherit; font-weight: inherit; font-stretch: inherit; font-size: 16px; line-height: inherit; font-family: inherit; vertical-align: baseline;\"><strong style=\"margin: 0px; padding: 0px;\">พิกัด</strong> &nbsp;&nbsp;&nbsp;&nbsp;&nbsp;&nbsp;&nbsp;&nbsp;&nbsp;&nbsp;&nbsp;&nbsp;&nbsp;&nbsp;&nbsp; https://goo.gl/maps/sWThfGMsLA3EiHrS6</span></p>\r\n<p style=\"margin: 0px; padding: 0px; border: 0px; font-variant-numeric: inherit; font-variant-east-asian: inherit; font-stretch: inherit; font-size: 13px; line-height: 20px; font-family: Arial, Helvetica, sans-serif; vertical-align: baseline; color: #333333; text-align: justify;\">&nbsp;</p>\r\n<p style=\"margin: 0px; padding: 0px; border: 0px; font-variant-numeric: inherit; font-variant-east-asian: inherit; font-stretch: inherit; font-size: 13px; line-height: 20px; font-family: Arial, Helvetica, sans-serif; vertical-align: baseline; color: #333333; text-align: justify;\"><span style=\"margin: 0px; padding: 0px; border: 0px; font-style: inherit; font-variant: inherit; font-weight: inherit; font-stretch: inherit; font-size: 16px; line-height: inherit; font-family: inherit; vertical-align: baseline;\"><img src=\"http://tourism.test/storage/reviews/June2021/2020-12_3ecce8878057d37.jpg\" alt=\"\" width=\"839\" height=\"559\" /></span></p>\r\n<p style=\"margin: 0px; padding: 0px; border: 0px; font-variant-numeric: inherit; font-variant-east-asian: inherit; font-stretch: inherit; font-size: 13px; line-height: 20px; font-family: Arial, Helvetica, sans-serif; vertical-align: baseline; color: #333333; text-align: justify;\">&nbsp;</p>\r\n<p style=\"margin: 0px; padding: 0px; border: 0px; font-variant-numeric: inherit; font-variant-east-asian: inherit; font-stretch: inherit; font-size: 13px; line-height: 20px; font-family: Arial, Helvetica, sans-serif; vertical-align: baseline; color: #333333; text-align: justify;\"><span style=\"margin: 0px; padding: 0px; border: 0px; font-style: inherit; font-variant: inherit; font-weight: inherit; font-stretch: inherit; font-size: 16px; line-height: inherit; font-family: inherit; vertical-align: baseline;\"><strong style=\"margin: 0px; padding: 0px;\">6.วงเวียนหอนาฬิกา : สัญลักษณ์แห่งศูนย์กลางเมืองเบตง</strong></span></p>\r\n<p style=\"margin: 0px; padding: 0px; border: 0px; font-variant-numeric: inherit; font-variant-east-asian: inherit; font-stretch: inherit; font-size: 13px; line-height: 20px; font-family: Arial, Helvetica, sans-serif; vertical-align: baseline; color: #333333; text-align: justify;\">&nbsp;</p>\r\n<p style=\"margin: 0px; padding: 0px; border: 0px; font-variant-numeric: inherit; font-variant-east-asian: inherit; font-stretch: inherit; font-size: 13px; line-height: 20px; font-family: Arial, Helvetica, sans-serif; vertical-align: baseline; color: #333333; text-align: justify;\"><span style=\"margin: 0px; padding: 0px; border: 0px; font-style: inherit; font-variant: inherit; font-weight: inherit; font-stretch: inherit; font-size: 16px; line-height: inherit; font-family: inherit; vertical-align: baseline;\">ที่นี่ถือเป็นจุดศูนย์กลางเมืองเบตง ที่นักท่องเที่ยวสามารถเดินเล่นถ่ายภาพได้ทั้งกลางวันและกลางคืนด้วยแสงไฟประดับตกแต่งยามค่ำคืนที่สวยงาม&nbsp; และด้วยสายไฟระโยงระยางมากมายที่กลายเป็นจุดศูนย์รวมของนกนางแอ่น ซึ่งสร้างความแปลกใจและประทับใจเป็นอย่างมากให้กับนักท่องเที่ยว</span></p>\r\n<p style=\"margin: 0px; padding: 0px; border: 0px; font-variant-numeric: inherit; font-variant-east-asian: inherit; font-stretch: inherit; font-size: 13px; line-height: 20px; font-family: Arial, Helvetica, sans-serif; vertical-align: baseline; color: #333333; text-align: justify;\">&nbsp;</p>\r\n<p style=\"margin: 0px; padding: 0px; border: 0px; font-variant-numeric: inherit; font-variant-east-asian: inherit; font-stretch: inherit; font-size: 13px; line-height: 20px; font-family: Arial, Helvetica, sans-serif; vertical-align: baseline; color: #333333; text-align: justify;\"><span style=\"margin: 0px; padding: 0px; border: 0px; font-style: inherit; font-variant: inherit; font-weight: inherit; font-stretch: inherit; font-size: 16px; line-height: inherit; font-family: inherit; vertical-align: baseline;\"><strong style=\"margin: 0px; padding: 0px;\">สถานที่ตั้ง</strong>&nbsp;&nbsp;&nbsp;&nbsp;&nbsp;&nbsp;&nbsp;&nbsp;&nbsp; บริเวณใจกลางเมืองเบตง&nbsp;</span></p>\r\n<p style=\"margin: 0px; padding: 0px; border: 0px; font-variant-numeric: inherit; font-variant-east-asian: inherit; font-stretch: inherit; font-size: 13px; line-height: 20px; font-family: Arial, Helvetica, sans-serif; vertical-align: baseline; color: #333333; text-align: justify;\">&nbsp;</p>\r\n<p style=\"margin: 0px; padding: 0px; border: 0px; font-variant-numeric: inherit; font-variant-east-asian: inherit; font-stretch: inherit; font-size: 13px; line-height: 20px; font-family: Arial, Helvetica, sans-serif; vertical-align: baseline; color: #333333; text-align: justify;\">&nbsp;</p>\r\n<p style=\"margin: 0px; padding: 0px; border: 0px; font-variant-numeric: inherit; font-variant-east-asian: inherit; font-stretch: inherit; font-size: 13px; line-height: 20px; font-family: Arial, Helvetica, sans-serif; vertical-align: baseline; color: #333333; text-align: justify;\"><span style=\"margin: 0px; padding: 0px; border: 0px; font-style: inherit; font-variant: inherit; font-weight: inherit; font-stretch: inherit; font-size: 16px; line-height: inherit; font-family: inherit; vertical-align: baseline;\"><strong style=\"margin: 0px; padding: 0px;\">พิกัด</strong> &nbsp;&nbsp;&nbsp;&nbsp;&nbsp;&nbsp;&nbsp;&nbsp;&nbsp;&nbsp;&nbsp;&nbsp;&nbsp;&nbsp;&nbsp; https://goo.gl/maps/6FH2tE841DPMdvQ4A</span></p>\r\n<p style=\"margin: 0px; padding: 0px; border: 0px; font-variant-numeric: inherit; font-variant-east-asian: inherit; font-stretch: inherit; font-size: 13px; line-height: 20px; font-family: Arial, Helvetica, sans-serif; vertical-align: baseline; color: #333333; text-align: justify;\">&nbsp;</p>\r\n<p style=\"margin: 0px; padding: 0px; border: 0px; font-variant-numeric: inherit; font-variant-east-asian: inherit; font-stretch: inherit; font-size: 13px; line-height: 20px; font-family: Arial, Helvetica, sans-serif; vertical-align: baseline; color: #333333; text-align: justify;\"><span style=\"margin: 0px; padding: 0px; border: 0px; font-style: inherit; font-variant: inherit; font-weight: inherit; font-stretch: inherit; font-size: 16px; line-height: inherit; font-family: inherit; vertical-align: baseline;\"><img src=\"http://tourism.test/storage/reviews/June2021/2020-12_b4f2da35a5f4003.jpg\" alt=\"\" width=\"849\" height=\"566\" /></span></p>\r\n<p style=\"margin: 0px; padding: 0px; border: 0px; font-variant-numeric: inherit; font-variant-east-asian: inherit; font-stretch: inherit; font-size: 13px; line-height: 20px; font-family: Arial, Helvetica, sans-serif; vertical-align: baseline; color: #333333; text-align: justify;\">&nbsp;</p>\r\n<p style=\"margin: 0px; padding: 0px; border: 0px; font-variant-numeric: inherit; font-variant-east-asian: inherit; font-stretch: inherit; font-size: 13px; line-height: 20px; font-family: Arial, Helvetica, sans-serif; vertical-align: baseline; color: #333333;\" align=\"center\">&nbsp;</p>\r\n<p style=\"margin: 0px; padding: 0px; border: 0px; font-variant-numeric: inherit; font-variant-east-asian: inherit; font-stretch: inherit; font-size: 13px; line-height: 20px; font-family: Arial, Helvetica, sans-serif; vertical-align: baseline; color: #333333; text-align: justify;\"><span style=\"margin: 0px; padding: 0px; border: 0px; font-style: inherit; font-variant: inherit; font-weight: inherit; font-stretch: inherit; font-size: 16px; line-height: inherit; font-family: inherit; vertical-align: baseline;\"><strong style=\"margin: 0px; padding: 0px;\">7.สนามบินเบตง : สนามบินกลางหุบเขา ใต้สุดของประเทศไทย</strong></span></p>\r\n<p style=\"margin: 0px; padding: 0px; border: 0px; font-variant-numeric: inherit; font-variant-east-asian: inherit; font-stretch: inherit; font-size: 13px; line-height: 20px; font-family: Arial, Helvetica, sans-serif; vertical-align: baseline; color: #333333; text-align: justify;\">&nbsp;</p>\r\n<p style=\"margin: 0px; padding: 0px; border: 0px; font-variant-numeric: inherit; font-variant-east-asian: inherit; font-stretch: inherit; font-size: 13px; line-height: 20px; font-family: Arial, Helvetica, sans-serif; vertical-align: baseline; color: #333333; text-align: justify;\"><span style=\"margin: 0px; padding: 0px; border: 0px; font-style: inherit; font-variant: inherit; font-weight: inherit; font-stretch: inherit; font-size: 16px; line-height: inherit; font-family: inherit; vertical-align: baseline;\">สนามบินเบตง จุดเช็คอินใหม่ที่กำลังได้ความนิยมอีกแห่งหนึ่ง &nbsp;เนื่องจากเป็นสนามบินขนาดเล็ก ที่มีสถาปัตยกรรมการออกแบบอย่างสวยงาม ตั้งอยู่กลางหุบเขา จึงเป็นจุดดึงดูดนักท่องเที่ยวไปถ่ายภาพเช็คอินเป็นที่ระลึกกันเป็นจำนวนมาก</span></p>\r\n<p style=\"margin: 0px; padding: 0px; border: 0px; font-variant-numeric: inherit; font-variant-east-asian: inherit; font-stretch: inherit; font-size: 13px; line-height: 20px; font-family: Arial, Helvetica, sans-serif; vertical-align: baseline; color: #333333; text-align: justify;\">&nbsp;</p>\r\n<p style=\"margin: 0px; padding: 0px; border: 0px; font-variant-numeric: inherit; font-variant-east-asian: inherit; font-stretch: inherit; font-size: 13px; line-height: 20px; font-family: Arial, Helvetica, sans-serif; vertical-align: baseline; color: #333333; text-align: justify;\"><span style=\"margin: 0px; padding: 0px; border: 0px; font-style: inherit; font-variant: inherit; font-weight: inherit; font-stretch: inherit; font-size: 16px; line-height: inherit; font-family: inherit; vertical-align: baseline;\"><strong style=\"margin: 0px; padding: 0px;\">สถานที่ตั้ง</strong>&nbsp;&nbsp;&nbsp;&nbsp;&nbsp;&nbsp;&nbsp;&nbsp;&nbsp; อยู่ห่างจากเมืองเบตง ประมาณ 12 กิโลเมตร</span></p>\r\n<p style=\"margin: 0px; padding: 0px; border: 0px; font-variant-numeric: inherit; font-variant-east-asian: inherit; font-stretch: inherit; font-size: 13px; line-height: 20px; font-family: Arial, Helvetica, sans-serif; vertical-align: baseline; color: #333333; text-align: justify;\">&nbsp;</p>\r\n<p style=\"margin: 0px; padding: 0px; border: 0px; font-variant-numeric: inherit; font-variant-east-asian: inherit; font-stretch: inherit; font-size: 13px; line-height: 20px; font-family: Arial, Helvetica, sans-serif; vertical-align: baseline; color: #333333; text-align: justify;\">&nbsp;</p>\r\n<p style=\"margin: 0px; padding: 0px; border: 0px; font-variant-numeric: inherit; font-variant-east-asian: inherit; font-stretch: inherit; font-size: 13px; line-height: 20px; font-family: Arial, Helvetica, sans-serif; vertical-align: baseline; color: #333333; text-align: justify;\"><span style=\"margin: 0px; padding: 0px; border: 0px; font-style: inherit; font-variant: inherit; font-weight: inherit; font-stretch: inherit; font-size: 16px; line-height: inherit; font-family: inherit; vertical-align: baseline;\"><strong style=\"margin: 0px; padding: 0px;\">พิกัด</strong>&nbsp;&nbsp;&nbsp;&nbsp;&nbsp;&nbsp;&nbsp;&nbsp;&nbsp;&nbsp;&nbsp;&nbsp;&nbsp;&nbsp;&nbsp;&nbsp;&nbsp;<a style=\"margin: 0px; padding: 0px; border: 0px; font: inherit; vertical-align: baseline; color: #000000; text-decoration-line: none;\" href=\"https://goo.gl/maps/KeXsDqGwvA7UKsYv7\">https://goo.gl/maps/KeXsDqGwvA7UKsYv7</a></span></p>\r\n<p style=\"margin: 0px; padding: 0px; border: 0px; font-variant-numeric: inherit; font-variant-east-asian: inherit; font-stretch: inherit; font-size: 13px; line-height: 20px; font-family: Arial, Helvetica, sans-serif; vertical-align: baseline; color: #333333; text-align: justify;\">&nbsp;</p>\r\n<p style=\"margin: 0px; padding: 0px; border: 0px; font-variant-numeric: inherit; font-variant-east-asian: inherit; font-stretch: inherit; font-size: 13px; line-height: 20px; font-family: Arial, Helvetica, sans-serif; vertical-align: baseline; color: #333333; text-align: justify;\"><span style=\"margin: 0px; padding: 0px; border: 0px; font-style: inherit; font-variant: inherit; font-weight: inherit; font-stretch: inherit; font-size: 16px; line-height: inherit; font-family: inherit; vertical-align: baseline;\"><img src=\"http://tourism.test/storage/reviews/June2021/2020-12_b25a0a0a575b44d.jpg\" alt=\"\" width=\"855\" height=\"570\" /></span></p>\r\n<p style=\"margin: 0px; padding: 0px; border: 0px; font-variant-numeric: inherit; font-variant-east-asian: inherit; font-stretch: inherit; font-size: 13px; line-height: 20px; font-family: Arial, Helvetica, sans-serif; vertical-align: baseline; color: #333333; text-align: justify;\">&nbsp;</p>\r\n<p style=\"margin: 0px; padding: 0px; border: 0px; font-variant-numeric: inherit; font-variant-east-asian: inherit; font-stretch: inherit; font-size: 13px; line-height: 20px; font-family: Arial, Helvetica, sans-serif; vertical-align: baseline; color: #333333; text-align: justify;\"><span style=\"margin: 0px; padding: 0px; border: 0px; font-style: inherit; font-variant: inherit; font-weight: inherit; font-stretch: inherit; font-size: 16px; line-height: inherit; font-family: inherit; vertical-align: baseline;\"><strong style=\"margin: 0px; padding: 0px;\">8.สนามกีฬาเมืองเบตง : สนามกีฬากลางหุบเขา และไอหมอก</strong></span></p>\r\n<p style=\"margin: 0px; padding: 0px; border: 0px; font-variant-numeric: inherit; font-variant-east-asian: inherit; font-stretch: inherit; font-size: 13px; line-height: 20px; font-family: Arial, Helvetica, sans-serif; vertical-align: baseline; color: #333333; text-align: justify;\">&nbsp;</p>\r\n<p style=\"margin: 0px; padding: 0px; border: 0px; font-variant-numeric: inherit; font-variant-east-asian: inherit; font-stretch: inherit; font-size: 13px; line-height: 20px; font-family: Arial, Helvetica, sans-serif; vertical-align: baseline; color: #333333; text-align: justify;\"><span style=\"margin: 0px; padding: 0px; border: 0px; font-style: inherit; font-variant: inherit; font-weight: inherit; font-stretch: inherit; font-size: 16px; line-height: inherit; font-family: inherit; vertical-align: baseline;\">สนามกีฬากลางหุบเขา บนพื้นที่รวมกว่า 120 ไร่ &nbsp;บริเวณโดยรอบสนามกีฬาร่มรื่นด้วยต้นไม้ใหญ่ ลมพัดเย็นสบาย ที่นี่จึงเป็นจุดเช็คอินและนั่งพักผ่อน หรือ ออกกำลัง สำหรับผู้คนในท้องถิ่นและนักท่องเที่ยวได้เป็นอย่างดี ใกล้ๆกันก็มีจุดชมทัศนียภาพที่สามารถมองเห็นวิวทิวทัศน์ของเมืองเบตงได้จากมุมสูงด้วยเช่นกัน</span></p>\r\n<p style=\"margin: 0px; padding: 0px; border: 0px; font-variant-numeric: inherit; font-variant-east-asian: inherit; font-stretch: inherit; font-size: 13px; line-height: 20px; font-family: Arial, Helvetica, sans-serif; vertical-align: baseline; color: #333333; text-align: justify;\">&nbsp;</p>\r\n<p style=\"margin: 0px; padding: 0px; border: 0px; font-variant-numeric: inherit; font-variant-east-asian: inherit; font-stretch: inherit; font-size: 13px; line-height: 20px; font-family: Arial, Helvetica, sans-serif; vertical-align: baseline; color: #333333; text-align: justify;\"><span style=\"margin: 0px; padding: 0px; border: 0px; font-style: inherit; font-variant: inherit; font-weight: inherit; font-stretch: inherit; font-size: 16px; line-height: inherit; font-family: inherit; vertical-align: baseline;\"><strong style=\"margin: 0px; padding: 0px;\">สถานที่ตั้ง</strong>&nbsp;&nbsp;&nbsp;&nbsp;&nbsp;&nbsp;&nbsp;&nbsp;&nbsp; บริเวณเทศบาลเบตง ถนนสุขยางค์</span></p>\r\n<p style=\"margin: 0px; padding: 0px; border: 0px; font-variant-numeric: inherit; font-variant-east-asian: inherit; font-stretch: inherit; font-size: 13px; line-height: 20px; font-family: Arial, Helvetica, sans-serif; vertical-align: baseline; color: #333333; text-align: justify;\">&nbsp;</p>\r\n<p style=\"margin: 0px; padding: 0px; border: 0px; font-variant-numeric: inherit; font-variant-east-asian: inherit; font-stretch: inherit; font-size: 13px; line-height: 20px; font-family: Arial, Helvetica, sans-serif; vertical-align: baseline; color: #333333; text-align: justify;\">&nbsp;</p>\r\n<p style=\"margin: 0px; padding: 0px; border: 0px; font-variant-numeric: inherit; font-variant-east-asian: inherit; font-stretch: inherit; font-size: 13px; line-height: 20px; font-family: Arial, Helvetica, sans-serif; vertical-align: baseline; color: #333333; text-align: justify;\"><span style=\"margin: 0px; padding: 0px; border: 0px; font-style: inherit; font-variant: inherit; font-weight: inherit; font-stretch: inherit; font-size: 16px; line-height: inherit; font-family: inherit; vertical-align: baseline;\"><strong style=\"margin: 0px; padding: 0px;\">พิกัด</strong> &nbsp;&nbsp;&nbsp;&nbsp;&nbsp;&nbsp;&nbsp;&nbsp;&nbsp;&nbsp;&nbsp;&nbsp;&nbsp;&nbsp;&nbsp; https://goo.gl/maps/9eCCx55r6kQrfPiP7</span></p>\r\n<p style=\"margin: 0px; padding: 0px; border: 0px; font-variant-numeric: inherit; font-variant-east-asian: inherit; font-stretch: inherit; font-size: 13px; line-height: 20px; font-family: Arial, Helvetica, sans-serif; vertical-align: baseline; color: #333333; text-align: justify;\">&nbsp;</p>\r\n<p style=\"margin: 0px; padding: 0px; border: 0px; font-variant-numeric: inherit; font-variant-east-asian: inherit; font-stretch: inherit; font-size: 13px; line-height: 20px; font-family: Arial, Helvetica, sans-serif; vertical-align: baseline; color: #333333; text-align: justify;\">&nbsp;</p>\r\n<p style=\"margin: 0px; padding: 0px; border: 0px; font-variant-numeric: inherit; font-variant-east-asian: inherit; font-stretch: inherit; font-size: 13px; line-height: 20px; font-family: Arial, Helvetica, sans-serif; vertical-align: baseline; color: #333333; text-align: justify;\"><span style=\"margin: 0px; padding: 0px; border: 0px; font-style: inherit; font-variant: inherit; font-weight: inherit; font-stretch: inherit; font-size: 16px; line-height: inherit; font-family: inherit; vertical-align: baseline;\">เครดิต ขอบคุณบทความจาก : ล่องใต้ชายแดน</span></p>\r\n<p style=\"margin: 0px; padding: 0px; border: 0px; font-variant-numeric: inherit; font-variant-east-asian: inherit; font-stretch: inherit; font-size: 13px; line-height: 20px; font-family: Arial, Helvetica, sans-serif; vertical-align: baseline; color: #333333; text-align: justify;\"><span style=\"margin: 0px; padding: 0px; border: 0px; font-style: inherit; font-variant: inherit; font-weight: inherit; font-stretch: inherit; font-size: 16px; line-height: inherit; font-family: inherit; vertical-align: baseline;\">อ่านต้นฉบับได้ที่ : https://www.paaktai.com/longtai/detail/204</span></p>', 'reviews\\June2021\\tmp5ya3t8fuDYoKEDIOc.jpg', 1, 4, '2021-06-15 07:08:00', '2021-06-20 02:05:06', 1);
INSERT INTO `reviews` (`id`, `name`, `budget`, `duration`, `body`, `cover_image`, `province_id`, `category_id`, `created_at`, `updated_at`, `user_id`) VALUES
(5, '\" 5 ที่พักแนะนำ ใกล้จุดชมวิว Skywalk อัยเยอร์เวง', 0, 0, '<p><img src=\"http://tourism.test/storage/reviews/June2021/2020-11_4e2f13e6ef4e0e1.jpg\" alt=\"\" /></p>\r\n<p style=\"text-align: left;\">&nbsp;</p>\r\n<p style=\"margin: 0px; padding: 0px; border: 0px; font-variant-numeric: inherit; font-variant-east-asian: inherit; font-stretch: inherit; font-size: 13px; line-height: 20px; font-family: Arial, Helvetica, sans-serif; vertical-align: baseline; color: #333333; text-align: left;\" align=\"center\"><span style=\"margin: 0px; padding: 0px; border: 0px; font-style: inherit; font-variant: inherit; font-weight: inherit; font-stretch: inherit; font-size: 16px; line-height: inherit; font-family: inherit; vertical-align: baseline;\"><strong style=\"margin: 0px; padding: 0px;\">\"บ้านแบอาร์\"</strong></span></p>\r\n<p style=\"margin: 0px; padding: 0px; border: 0px; font-variant-numeric: inherit; font-variant-east-asian: inherit; font-stretch: inherit; font-size: 13px; line-height: 20px; font-family: Arial, Helvetica, sans-serif; vertical-align: baseline; color: #333333; text-align: left;\" align=\"center\">&nbsp;</p>\r\n<p style=\"margin: 0px; padding: 0px; border: 0px; font-variant-numeric: inherit; font-variant-east-asian: inherit; font-stretch: inherit; font-size: 13px; line-height: 20px; font-family: Arial, Helvetica, sans-serif; vertical-align: baseline; color: #333333; text-align: left;\"><span style=\"margin: 0px; padding: 0px; border: 0px; font-style: inherit; font-variant: inherit; font-weight: inherit; font-stretch: inherit; font-size: 16px; line-height: inherit; font-family: inherit; vertical-align: baseline;\">&nbsp; &nbsp;ที่พักที่ให้ความรู้สึกเหมือนได้พักที่บ้าน &nbsp;ห่างจาก skywalk อัยเยอร์เวง เพียงแค่ 6 กิโลเมตร ที่ตั้งรีสอร์ทติดลำธารธรรมชาติ &nbsp;บรรยากาศโดยรอบของ</span></p>\r\n<p style=\"margin: 0px; padding: 0px; border: 0px; font-variant-numeric: inherit; font-variant-east-asian: inherit; font-stretch: inherit; font-size: 13px; line-height: 20px; font-family: Arial, Helvetica, sans-serif; vertical-align: baseline; color: #333333; text-align: left;\"><span style=\"margin: 0px; padding: 0px; border: 0px; font-style: inherit; font-variant: inherit; font-weight: inherit; font-stretch: inherit; font-size: 16px; line-height: inherit; font-family: inherit; vertical-align: baseline;\">ที่นี่</span><span style=\"font-family: inherit; font-size: 16px; font-style: inherit; font-variant-ligatures: inherit; font-variant-caps: inherit; font-weight: inherit;\">แวดล้อมไปด้วย สวนผลไม้ตามฤดูกาลมากมาย เพื่อต้อนรับนักท่องเที่ยวที่มาพักได้ลิ้มชิมรส และได้ผ่อนคลายไปกับธรรมชาติที่บริสุทธิ์</span></p>\r\n<p style=\"margin: 0px; padding: 0px; border: 0px; font-variant-numeric: inherit; font-variant-east-asian: inherit; font-stretch: inherit; font-size: 13px; line-height: 20px; font-family: Arial, Helvetica, sans-serif; vertical-align: baseline; color: #333333; text-align: left;\">&nbsp;</p>\r\n<p style=\"margin: 0px; padding: 0px; border: 0px; font-variant-numeric: inherit; font-variant-east-asian: inherit; font-stretch: inherit; font-size: 13px; line-height: 20px; font-family: Arial, Helvetica, sans-serif; vertical-align: baseline; color: #333333; text-align: left;\"><span style=\"margin: 0px; padding: 0px; border: 0px; font-style: inherit; font-variant: inherit; font-weight: inherit; font-stretch: inherit; font-size: 16px; line-height: inherit; font-family: inherit; vertical-align: baseline;\"><img src=\"http://tourism.test/storage/reviews/June2021/2020-11_d11c0fef4a59196.jpg\" alt=\"\" width=\"937\" height=\"527\" /></span></p>\r\n<p style=\"margin: 0px; padding: 0px; border: 0px; font-variant-numeric: inherit; font-variant-east-asian: inherit; font-stretch: inherit; font-size: 13px; line-height: 20px; font-family: Arial, Helvetica, sans-serif; vertical-align: baseline; color: #333333; text-align: left;\">&nbsp;</p>\r\n<p style=\"margin: 0px; padding: 0px; border: 0px; font-variant-numeric: inherit; font-variant-east-asian: inherit; font-stretch: inherit; font-size: 13px; line-height: 20px; font-family: Arial, Helvetica, sans-serif; vertical-align: baseline; color: #333333; text-align: justify;\"><span style=\"margin: 0px; padding: 0px; border: 0px; font-style: inherit; font-variant: inherit; font-weight: inherit; font-stretch: inherit; font-size: 16px; line-height: inherit; font-family: inherit; vertical-align: baseline;\"><strong style=\"margin: 0px; padding: 0px;\">รูปแบบห้องพัก</strong>&nbsp;ห้องพักเตียงเดี่ยว 3 ห้อง และ เตียงคู่ 3 ห้อง</span></p>\r\n<p style=\"margin: 0px; padding: 0px; border: 0px; font-variant-numeric: inherit; font-variant-east-asian: inherit; font-stretch: inherit; font-size: 13px; line-height: 20px; font-family: Arial, Helvetica, sans-serif; vertical-align: baseline; color: #333333; text-align: justify;\"><span style=\"margin: 0px; padding: 0px; border: 0px; font-style: inherit; font-variant: inherit; font-weight: inherit; font-stretch: inherit; font-size: 16px; line-height: inherit; font-family: inherit; vertical-align: baseline;\"><strong style=\"margin: 0px; padding: 0px;\">สิ่งอำนวยความสะดวก</strong>&nbsp;&nbsp;Wifi&nbsp;&nbsp;แอร์&nbsp;ทีวี ห้องน้ำในตัว และ เครื่องทำน้ำอุ่น</span></p>\r\n<p style=\"margin: 0px; padding: 0px; border: 0px; font-variant-numeric: inherit; font-variant-east-asian: inherit; font-stretch: inherit; font-size: 13px; line-height: 20px; font-family: Arial, Helvetica, sans-serif; vertical-align: baseline; color: #333333; text-align: justify;\"><span style=\"margin: 0px; padding: 0px; border: 0px; font-style: inherit; font-variant: inherit; font-weight: inherit; font-stretch: inherit; font-size: 16px; line-height: inherit; font-family: inherit; vertical-align: baseline;\"><strong style=\"margin: 0px; padding: 0px;\">ราคา</strong>&nbsp;&nbsp;800 บาท/คืน ( พักได้ห้องละไม่เกิน3 คน) เสริมที่นอนเพิ่มเงิน 200 บาท</span></p>\r\n<p style=\"margin: 0px; padding: 0px; border: 0px; font-variant-numeric: inherit; font-variant-east-asian: inherit; font-stretch: inherit; font-size: 13px; line-height: 20px; font-family: Arial, Helvetica, sans-serif; vertical-align: baseline; color: #333333; text-align: justify;\"><span style=\"margin: 0px; padding: 0px; border: 0px; font-style: inherit; font-variant: inherit; font-weight: inherit; font-stretch: inherit; font-size: 16px; line-height: inherit; font-family: inherit; vertical-align: baseline;\"><strong style=\"margin: 0px; padding: 0px;\">ที่อยู่</strong>&nbsp;&nbsp; ม.2 ต.อัยเยอร์เวง อ.เบตง จ.ยะลา</span></p>\r\n<p style=\"margin: 0px; padding: 0px; border: 0px; font-variant-numeric: inherit; font-variant-east-asian: inherit; font-stretch: inherit; font-size: 13px; line-height: 20px; font-family: Arial, Helvetica, sans-serif; vertical-align: baseline; color: #333333; text-align: justify;\"><strong style=\"margin: 0px; padding: 0px; font-size: 16px;\">พิกัด&nbsp;</strong><a style=\"margin: 0px; padding: 0px; border: 0px; font-style: inherit; font-variant: inherit; font-weight: inherit; font-stretch: inherit; font-size: 16px; line-height: inherit; font-family: inherit; vertical-align: baseline; color: #000000; text-decoration-line: none;\" href=\"https://www.google.com/maps/dir/6.5465596,101.2863927/5.9471098,101.1871894/@6.2455097,100.9541266\">https://www.google.com/maps/dir/6.5465596,101.2863927/5.9471098,101.1871894/</a></p>\r\n<p style=\"margin: 0px; padding: 0px; border: 0px; font-variant-numeric: inherit; font-variant-east-asian: inherit; font-stretch: inherit; font-size: 13px; line-height: 20px; font-family: Arial, Helvetica, sans-serif; vertical-align: baseline; color: #333333; text-align: justify;\"><a style=\"margin: 0px; padding: 0px; border: 0px; font-style: inherit; font-variant: inherit; font-weight: inherit; font-stretch: inherit; font-size: 16px; line-height: inherit; font-family: inherit; vertical-align: baseline; color: #000000; text-decoration-line: none;\" href=\"https://www.google.com/maps/dir/6.5465596,101.2863927/5.9471098,101.1871894/@6.2455097,100.9541266\">@6.2455097,100.9541266</a><a style=\"margin: 0px; padding: 0px; border: 0px; font: inherit; vertical-align: baseline; color: #000000; text-decoration-line: none;\" href=\"https://www.google.com/maps/dir/6.5465596,101.2863927/5.9471098,101.1871894/%20%20@6.2455097,100.9541266,10z/data=!3m1!4b1!4m4!4m3!1m1!4e1!1m0%20utm_medium=s2email&amp;shorturl=1\"><span style=\"margin: 0px; padding: 0px; border: 0px; font-style: inherit; font-variant: inherit; font-weight: inherit; font-stretch: inherit; font-size: 16px; line-height: inherit; font-family: inherit; vertical-align: baseline;\">,10z/data=!3m1!4b1!4m4!4m3!1m1!4e1!1m0<br style=\"margin: 0px; padding: 0px;\" />utm_medium=s2email&amp;shorturl=1</span></a></p>\r\n<p style=\"margin: 0px; padding: 0px; border: 0px; font-variant-numeric: inherit; font-variant-east-asian: inherit; font-stretch: inherit; font-size: 13px; line-height: 20px; font-family: Arial, Helvetica, sans-serif; vertical-align: baseline; color: #333333; text-align: justify;\">&nbsp;</p>\r\n<p style=\"margin: 0px; padding: 0px; border: 0px; font-variant-numeric: inherit; font-variant-east-asian: inherit; font-stretch: inherit; font-size: 13px; line-height: 20px; font-family: Arial, Helvetica, sans-serif; vertical-align: baseline; color: #333333; text-align: justify;\"><span style=\"margin: 0px; padding: 0px; border: 0px; font-style: inherit; font-variant: inherit; font-weight: inherit; font-stretch: inherit; font-size: 16px; line-height: inherit; font-family: inherit; vertical-align: baseline;\"><strong style=\"margin: 0px; padding: 0px;\">เบอร์โทรติดต่อ&nbsp;&nbsp;</strong>098-051 1276&nbsp; , 087-287 8272</span></p>\r\n<p style=\"margin: 0px; padding: 0px; border: 0px; font-variant-numeric: inherit; font-variant-east-asian: inherit; font-stretch: inherit; font-size: 13px; line-height: 20px; font-family: Arial, Helvetica, sans-serif; vertical-align: baseline; color: #333333; text-align: justify;\">&nbsp;</p>\r\n<p style=\"margin: 0px; padding: 0px; border: 0px; font-variant-numeric: inherit; font-variant-east-asian: inherit; font-stretch: inherit; font-size: 13px; line-height: 20px; font-family: Arial, Helvetica, sans-serif; vertical-align: baseline; color: #333333; text-align: justify;\"><span style=\"margin: 0px; padding: 0px; border: 0px; font-style: inherit; font-variant: inherit; font-weight: inherit; font-stretch: inherit; font-size: 16px; line-height: inherit; font-family: inherit; vertical-align: baseline;\"><strong style=\"margin: 0px; padding: 0px;\">Facebook Page / Website ที่พัก</strong>&nbsp;&nbsp;&ldquo; บ้านแบอาร์ ที่พักใกล้ทะเลหมอกอัยเยอร์เวง &rdquo;</span></p>\r\n<p style=\"margin: 0px; padding: 0px; border: 0px; font-variant-numeric: inherit; font-variant-east-asian: inherit; font-stretch: inherit; font-size: 13px; line-height: 20px; font-family: Arial, Helvetica, sans-serif; vertical-align: baseline; color: #333333; text-align: justify;\">&nbsp;</p>\r\n<p style=\"margin: 0px; padding: 0px; border: 0px; font-variant-numeric: inherit; font-variant-east-asian: inherit; font-stretch: inherit; font-size: 13px; line-height: 20px; font-family: Arial, Helvetica, sans-serif; vertical-align: baseline; color: #333333; text-align: justify;\"><strong style=\"margin: 0px; padding: 0px; font-size: 16px;\">แนะนำเพิ่มเติม&nbsp;&nbsp;</strong><span style=\"margin: 0px; padding: 0px; border: 0px; font-style: inherit; font-variant: inherit; font-weight: inherit; font-stretch: inherit; font-size: 16px; line-height: inherit; font-family: inherit; vertical-align: baseline;\">มีบริการอาหารตามสั่ง เมนูแนะนำ พิซซ่าปลานิลสายน้ำไหล</span></p>\r\n<p style=\"margin: 0px; padding: 0px; border: 0px; font-variant-numeric: inherit; font-variant-east-asian: inherit; font-stretch: inherit; font-size: 13px; line-height: 20px; font-family: Arial, Helvetica, sans-serif; vertical-align: baseline; color: #333333; text-align: justify;\">&nbsp;</p>\r\n<p style=\"margin: 0px; padding: 0px; border: 0px; font-variant-numeric: inherit; font-variant-east-asian: inherit; font-stretch: inherit; font-size: 13px; line-height: 20px; font-family: Arial, Helvetica, sans-serif; vertical-align: baseline; color: #333333; text-align: left;\">&nbsp;</p>\r\n<p style=\"margin: 0px; padding: 0px; border: 0px; font-variant-numeric: inherit; font-variant-east-asian: inherit; font-stretch: inherit; font-size: 13px; line-height: 20px; font-family: Arial, Helvetica, sans-serif; vertical-align: baseline; color: #333333; text-align: justify;\"><span style=\"margin: 0px; padding: 0px; border: 0px; font-style: inherit; font-variant: inherit; font-weight: inherit; font-stretch: inherit; font-size: 16px; line-height: inherit; font-family: inherit; vertical-align: baseline;\"><strong style=\"margin: 0px; padding: 0px;\">อื่นๆ</strong> &nbsp;ช่วงติดวันหยุดศุกร์-เสาร์-อาทิตย์ วันหยุดพิเศษ หยุดนักขัตฤกษ์ ควรจองล่วงหน้า</span></p>\r\n<p style=\"margin: 0px; padding: 0px; border: 0px; font-variant-numeric: inherit; font-variant-east-asian: inherit; font-stretch: inherit; font-size: 13px; line-height: 20px; font-family: Arial, Helvetica, sans-serif; vertical-align: baseline; color: #333333; text-align: justify;\">&nbsp;</p>\r\n<p style=\"margin: 0px; padding: 0px; border: 0px; font-variant-numeric: inherit; font-variant-east-asian: inherit; font-stretch: inherit; font-size: 13px; line-height: 20px; font-family: Arial, Helvetica, sans-serif; vertical-align: baseline; color: #333333; text-align: left;\"><span style=\"margin: 0px; padding: 0px; border: 0px; font-style: inherit; font-variant: inherit; font-weight: inherit; font-stretch: inherit; font-size: 16px; line-height: inherit; font-family: inherit; vertical-align: baseline;\"><strong style=\"margin: 0px; padding: 0px;\">\"ริมธารเดอะแคมปิ้งรีสอร์ท\"</strong></span></p>\r\n<p style=\"margin: 0px; padding: 0px; border: 0px; font-variant-numeric: inherit; font-variant-east-asian: inherit; font-stretch: inherit; font-size: 13px; line-height: 20px; font-family: Arial, Helvetica, sans-serif; vertical-align: baseline; color: #333333; text-align: left;\">&nbsp;</p>\r\n<p style=\"margin: 0px; padding: 0px; border: 0px; font-variant-numeric: inherit; font-variant-east-asian: inherit; font-stretch: inherit; font-size: 13px; line-height: 20px; font-family: Arial, Helvetica, sans-serif; vertical-align: baseline; color: #333333; text-align: left;\">&nbsp;</p>\r\n<p style=\"margin: 0px; padding: 0px; border: 0px; font-variant-numeric: inherit; font-variant-east-asian: inherit; font-stretch: inherit; font-size: 13px; line-height: 20px; font-family: Arial, Helvetica, sans-serif; vertical-align: baseline; color: #333333; text-align: left;\"><span style=\"margin: 0px; padding: 0px; border: 0px; font-style: inherit; font-variant: inherit; font-weight: inherit; font-stretch: inherit; font-size: 16px; line-height: inherit; font-family: inherit; vertical-align: baseline;\">&nbsp; &nbsp; &nbsp; &nbsp;รีสอร์ทที่ตั้งอยู่แยกทางขึ้นSkywalk อัยเยอร์เวง จากถนนสาย410 ยะลา - เบตง ใช้เวลาเดินทางจากรีสอร์ทประมาณ 15 นาทีระยะทางเพียง 7 กิโลเมตร </span></p>\r\n<p style=\"margin: 0px; padding: 0px; border: 0px; font-variant-numeric: inherit; font-variant-east-asian: inherit; font-stretch: inherit; font-size: 13px; line-height: 20px; font-family: Arial, Helvetica, sans-serif; vertical-align: baseline; color: #333333; text-align: left;\"><span style=\"margin: 0px; padding: 0px; border: 0px; font-style: inherit; font-variant: inherit; font-weight: inherit; font-stretch: inherit; font-size: 16px; line-height: inherit; font-family: inherit; vertical-align: baseline;\">ก็ถึงจุดชมวิวทะเลหมอก ชิลล์ได้กับห้องพักติดริมน้ำ วิวธรรมชาติ หรือ จะชิคๆแบบเต็นท์กระโจม ด้วย Style Loft &nbsp;ห้องพักติดกับลำธารธรรมชาติ </span></p>\r\n<p style=\"margin: 0px; padding: 0px; border: 0px; font-variant-numeric: inherit; font-variant-east-asian: inherit; font-stretch: inherit; font-size: 13px; line-height: 20px; font-family: Arial, Helvetica, sans-serif; vertical-align: baseline; color: #333333; text-align: left;\"><span style=\"margin: 0px; padding: 0px; border: 0px; font-style: inherit; font-variant: inherit; font-weight: inherit; font-stretch: inherit; font-size: 16px; line-height: inherit; font-family: inherit; vertical-align: baseline;\">สนุกกับการเล่นน้ำใสสะอาดได้ตลอดทั้งวัน</span></p>\r\n<p style=\"margin: 0px; padding: 0px; border: 0px; font-variant-numeric: inherit; font-variant-east-asian: inherit; font-stretch: inherit; font-size: 13px; line-height: 20px; font-family: Arial, Helvetica, sans-serif; vertical-align: baseline; color: #333333; text-align: left;\">&nbsp;</p>\r\n<p style=\"margin: 0px; padding: 0px; border: 0px; font-variant-numeric: inherit; font-variant-east-asian: inherit; font-stretch: inherit; font-size: 13px; line-height: 20px; font-family: Arial, Helvetica, sans-serif; vertical-align: baseline; color: #333333; text-align: left;\"><span style=\"margin: 0px; padding: 0px; border: 0px; font-style: inherit; font-variant: inherit; font-weight: inherit; font-stretch: inherit; font-size: 16px; line-height: inherit; font-family: inherit; vertical-align: baseline;\"><img src=\"http://tourism.test/storage/reviews/June2021/2020-11_6a39e42a50cdb81.jpg\" alt=\"\" width=\"936\" height=\"527\" /></span></p>\r\n<p style=\"margin: 0px; padding: 0px; border: 0px; font-variant-numeric: inherit; font-variant-east-asian: inherit; font-stretch: inherit; font-size: 13px; line-height: 20px; font-family: Arial, Helvetica, sans-serif; vertical-align: baseline; color: #333333; text-align: left;\">&nbsp;</p>\r\n<p style=\"margin: 0px; padding: 0px; border: 0px; font-variant-numeric: inherit; font-variant-east-asian: inherit; font-stretch: inherit; font-size: 13px; line-height: 20px; font-family: Arial, Helvetica, sans-serif; vertical-align: baseline; color: #333333; text-align: justify;\"><span style=\"margin: 0px; padding: 0px; border: 0px; font-style: inherit; font-variant: inherit; font-weight: inherit; font-stretch: inherit; font-size: 16px; line-height: inherit; font-family: inherit; vertical-align: baseline;\"><strong style=\"margin: 0px; padding: 0px;\">รูปแบบห้องพัก</strong>&nbsp;&nbsp;<span style=\"margin: 0px; padding: 0px; border: 0px; font: inherit; vertical-align: baseline;\">&nbsp;</span>ห้องพักเตียงเดี่ยว นอนได้ 2 คน (เสริมที่นอนได้อีก 1 คน) พร้อม พัดลม (บริเวณรีสอร์ทอากาศเย็นสบายตลอดทั้งวัน) กาน้ำ</span></p>\r\n<p style=\"margin: 0px; padding: 0px; border: 0px; font-variant-numeric: inherit; font-variant-east-asian: inherit; font-stretch: inherit; font-size: 13px; line-height: 20px; font-family: Arial, Helvetica, sans-serif; vertical-align: baseline; color: #333333; text-align: justify;\"><span style=\"margin: 0px; padding: 0px; border: 0px; font-style: inherit; font-variant: inherit; font-weight: inherit; font-stretch: inherit; font-size: 16px; line-height: inherit; font-family: inherit; vertical-align: baseline;\"> มีจำนวน 4 ห้อง</span></p>\r\n<p style=\"margin: 0px; padding: 0px; border: 0px; font-variant-numeric: inherit; font-variant-east-asian: inherit; font-stretch: inherit; font-size: 13px; line-height: 20px; font-family: Arial, Helvetica, sans-serif; vertical-align: baseline; color: #333333; text-align: justify;\"><span style=\"margin: 0px; padding: 0px; border: 0px; font-style: inherit; font-variant: inherit; font-weight: inherit; font-stretch: inherit; font-size: 16px; line-height: inherit; font-family: inherit; vertical-align: baseline;\">เต้นท์กระโจม นอนได้ 4-6 คน พร้อม พัดลม &nbsp;เครื่องทำน้ำอุ่น มีจำนวน 1 หลัง</span></p>\r\n<p style=\"margin: 0px; padding: 0px; border: 0px; font-variant-numeric: inherit; font-variant-east-asian: inherit; font-stretch: inherit; font-size: 13px; line-height: 20px; font-family: Arial, Helvetica, sans-serif; vertical-align: baseline; color: #333333; text-align: justify;\"><span style=\"margin: 0px; padding: 0px; border: 0px; font-style: inherit; font-variant: inherit; font-weight: inherit; font-stretch: inherit; font-size: 16px; line-height: inherit; font-family: inherit; vertical-align: baseline;\">เต้นท์เล็ก&nbsp;&nbsp; นอนได้ 2 คน มีจำนวน 6 หลัง</span></p>\r\n<p style=\"margin: 0px; padding: 0px; border: 0px; font-variant-numeric: inherit; font-variant-east-asian: inherit; font-stretch: inherit; font-size: 13px; line-height: 20px; font-family: Arial, Helvetica, sans-serif; vertical-align: baseline; color: #333333; text-align: justify;\"><span style=\"margin: 0px; padding: 0px; border: 0px; font-style: inherit; font-variant: inherit; font-weight: inherit; font-stretch: inherit; font-size: 16px; line-height: inherit; font-family: inherit; vertical-align: baseline;\"><strong style=\"margin: 0px; padding: 0px;\">ราคา&nbsp;</strong>ห้องพักเตียงเดี่ยว 700 บาท/คืน &nbsp;, เต้นท์กระโจม 1,500 บาท/หลัง , เต้นท์เล็ก 300 บาท/หลัง</span></p>\r\n<p style=\"margin: 0px; padding: 0px; border: 0px; font-variant-numeric: inherit; font-variant-east-asian: inherit; font-stretch: inherit; font-size: 13px; line-height: 20px; font-family: Arial, Helvetica, sans-serif; vertical-align: baseline; color: #333333; text-align: justify;\">&nbsp;</p>\r\n<p style=\"margin: 0px; padding: 0px; border: 0px; font-variant-numeric: inherit; font-variant-east-asian: inherit; font-stretch: inherit; font-size: 13px; line-height: 20px; font-family: Arial, Helvetica, sans-serif; vertical-align: baseline; color: #333333; text-align: justify;\"><span style=\"margin: 0px; padding: 0px; border: 0px; font-style: inherit; font-variant: inherit; font-weight: inherit; font-stretch: inherit; font-size: 16px; line-height: inherit; font-family: inherit; vertical-align: baseline;\"><strong style=\"margin: 0px; padding: 0px;\">ที่อยู่&nbsp;</strong>11/20 &nbsp;ม.2 &nbsp;ต.อัยเยอร์เวง &nbsp;อ.เบตง &nbsp;จ.ยะลา&nbsp;</span></p>\r\n<p style=\"margin: 0px; padding: 0px; border: 0px; font-variant-numeric: inherit; font-variant-east-asian: inherit; font-stretch: inherit; font-size: 13px; line-height: 20px; font-family: Arial, Helvetica, sans-serif; vertical-align: baseline; color: #333333; text-align: justify;\"><strong style=\"margin: 0px; padding: 0px; font-size: 16px;\">เบอร์โทรติดต่อ&nbsp;</strong><span style=\"margin: 0px; padding: 0px; border: 0px; font-style: inherit; font-variant: inherit; font-weight: inherit; font-stretch: inherit; font-size: 16px; line-height: inherit; font-family: inherit; vertical-align: baseline;\">080-709 3891&nbsp; , 065-372 5570</span></p>\r\n<p style=\"margin: 0px; padding: 0px; border: 0px; font-variant-numeric: inherit; font-variant-east-asian: inherit; font-stretch: inherit; font-size: 13px; line-height: 20px; font-family: Arial, Helvetica, sans-serif; vertical-align: baseline; color: #333333; text-align: justify;\">&nbsp;</p>\r\n<p style=\"margin: 0px; padding: 0px; border: 0px; font-variant-numeric: inherit; font-variant-east-asian: inherit; font-stretch: inherit; font-size: 13px; line-height: 20px; font-family: Arial, Helvetica, sans-serif; vertical-align: baseline; color: #333333; text-align: justify;\"><span style=\"margin: 0px; padding: 0px; border: 0px; font-style: inherit; font-variant: inherit; font-weight: inherit; font-stretch: inherit; font-size: 16px; line-height: inherit; font-family: inherit; vertical-align: baseline;\"><strong style=\"margin: 0px; padding: 0px;\">Facebook Page / Website&nbsp;</strong>&nbsp;https://www.facebook.com/RhimTarnResort/</span></p>\r\n<p style=\"margin: 0px; padding: 0px; border: 0px; font-variant-numeric: inherit; font-variant-east-asian: inherit; font-stretch: inherit; font-size: 13px; line-height: 20px; font-family: Arial, Helvetica, sans-serif; vertical-align: baseline; color: #333333; text-align: justify;\">&nbsp;</p>\r\n<p style=\"margin: 0px; padding: 0px; border: 0px; font-variant-numeric: inherit; font-variant-east-asian: inherit; font-stretch: inherit; font-size: 13px; line-height: 20px; font-family: Arial, Helvetica, sans-serif; vertical-align: baseline; color: #333333; text-align: justify;\"><span style=\"margin: 0px; padding: 0px; border: 0px; font-style: inherit; font-variant: inherit; font-weight: inherit; font-stretch: inherit; font-size: 16px; line-height: inherit; font-family: inherit; vertical-align: baseline;\"><strong style=\"margin: 0px; padding: 0px;\">บริการเพิ่มเติม&nbsp;</strong>บริการรับส่งนักท่องเที่ยวถึงทะเลหมอก</span></p>\r\n<p style=\"margin: 0px; padding: 0px; border: 0px; font-variant-numeric: inherit; font-variant-east-asian: inherit; font-stretch: inherit; font-size: 13px; line-height: 20px; font-family: Arial, Helvetica, sans-serif; vertical-align: baseline; color: #333333; text-align: justify;\">&nbsp;</p>\r\n<p style=\"margin: 0px; padding: 0px; border: 0px; font-variant-numeric: inherit; font-variant-east-asian: inherit; font-stretch: inherit; font-size: 13px; line-height: 20px; font-family: Arial, Helvetica, sans-serif; vertical-align: baseline; color: #333333; text-align: justify;\"><strong style=\"margin: 0px; padding: 0px;\"><span style=\"margin: 0px; padding: 0px; border: 0px; font-style: inherit; font-variant: inherit; font-weight: inherit; font-stretch: inherit; font-size: 16px; line-height: inherit; font-family: inherit; vertical-align: baseline;\">แนะนำเพิ่มเติม</span>&nbsp;</strong><span style=\"margin: 0px; padding: 0px; border: 0px; font-style: inherit; font-variant: inherit; font-weight: inherit; font-stretch: inherit; font-size: 16px; line-height: inherit; font-family: inherit; vertical-align: baseline;\">มีบริการอาหารตามสั่ง</span></p>\r\n<p style=\"margin: 0px; padding: 0px; border: 0px; font-variant-numeric: inherit; font-variant-east-asian: inherit; font-stretch: inherit; font-size: 13px; line-height: 20px; font-family: Arial, Helvetica, sans-serif; vertical-align: baseline; color: #333333; text-align: justify;\">&nbsp;</p>\r\n<p style=\"margin: 0px; padding: 0px; border: 0px; font-variant-numeric: inherit; font-variant-east-asian: inherit; font-stretch: inherit; font-size: 13px; line-height: 20px; font-family: Arial, Helvetica, sans-serif; vertical-align: baseline; color: #333333; text-align: left;\">&nbsp;</p>\r\n<p style=\"margin: 0px; padding: 0px; border: 0px; font-variant-numeric: inherit; font-variant-east-asian: inherit; font-stretch: inherit; font-size: 13px; line-height: 20px; font-family: Arial, Helvetica, sans-serif; vertical-align: baseline; color: #333333; text-align: justify;\"><span style=\"margin: 0px; padding: 0px; border: 0px; font-style: inherit; font-variant: inherit; font-weight: inherit; font-stretch: inherit; font-size: 16px; line-height: inherit; font-family: inherit; vertical-align: baseline;\"><strong style=\"margin: 0px; padding: 0px;\">อื่นๆ</strong>&nbsp;ร่วมโครงการเราเที่ยวด้วยกัน</span></p>\r\n<p style=\"margin: 0px; padding: 0px; border: 0px; font-variant-numeric: inherit; font-variant-east-asian: inherit; font-stretch: inherit; font-size: 13px; line-height: 20px; font-family: Arial, Helvetica, sans-serif; vertical-align: baseline; color: #333333; text-align: justify;\">&nbsp;</p>\r\n<p style=\"margin: 0px; padding: 0px; border: 0px; font-variant-numeric: inherit; font-variant-east-asian: inherit; font-stretch: inherit; font-size: 13px; line-height: 20px; font-family: Arial, Helvetica, sans-serif; vertical-align: baseline; color: #333333; text-align: left;\" align=\"center\">&nbsp;</p>\r\n<p style=\"margin: 0px; padding: 0px; border: 0px; font-variant-numeric: inherit; font-variant-east-asian: inherit; font-stretch: inherit; font-size: 13px; line-height: 20px; font-family: Arial, Helvetica, sans-serif; vertical-align: baseline; color: #333333; text-align: left;\" align=\"center\"><span style=\"margin: 0px; padding: 0px; border: 0px; font-style: inherit; font-variant: inherit; font-weight: inherit; font-stretch: inherit; font-size: 16px; line-height: inherit; font-family: inherit; vertical-align: baseline;\"><strong style=\"margin: 0px; padding: 0px;\">&ldquo;บ้านโต โฮมสเตย์</strong><strong style=\"margin: 0px; padding: 0px;\">&rdquo;</strong></span></p>\r\n<p style=\"margin: 0px; padding: 0px; border: 0px; font-variant-numeric: inherit; font-variant-east-asian: inherit; font-stretch: inherit; font-size: 13px; line-height: 20px; font-family: Arial, Helvetica, sans-serif; vertical-align: baseline; color: #333333; text-align: left;\" align=\"center\">&nbsp;</p>\r\n<p style=\"margin: 0px; padding: 0px; border: 0px; font-variant-numeric: inherit; font-variant-east-asian: inherit; font-stretch: inherit; font-size: 13px; line-height: 20px; font-family: Arial, Helvetica, sans-serif; vertical-align: baseline; color: #333333; text-align: left;\">&nbsp;</p>\r\n<p style=\"margin: 0px; padding: 0px; border: 0px; font-variant-numeric: inherit; font-variant-east-asian: inherit; font-stretch: inherit; font-size: 13px; line-height: 20px; font-family: Arial, Helvetica, sans-serif; vertical-align: baseline; color: #333333; text-align: left;\"><span style=\"margin: 0px; padding: 0px; border: 0px; font-style: inherit; font-variant: inherit; font-weight: inherit; font-stretch: inherit; font-size: 16px; line-height: inherit; font-family: inherit; vertical-align: baseline;\">&nbsp; &nbsp; &nbsp; &nbsp; &nbsp; &nbsp; &nbsp; &nbsp; รีสอร์ท Style Minimal&nbsp; ด้วยบรรยากาศกลางสวน แวดล้อมด้วยสวนยาง สวนผลไม้ เช่น เงาะ ลองกอง ทุเรียน&nbsp; ไว้ต้อนรับนักท่องเที่ยงที่แวะมาพักที่นี่&nbsp;</span></p>\r\n<p style=\"margin: 0px; padding: 0px; border: 0px; font-variant-numeric: inherit; font-variant-east-asian: inherit; font-stretch: inherit; font-size: 13px; line-height: 20px; font-family: Arial, Helvetica, sans-serif; vertical-align: baseline; color: #333333; text-align: left;\"><span style=\"margin: 0px; padding: 0px; border: 0px; font-style: inherit; font-variant: inherit; font-weight: inherit; font-stretch: inherit; font-size: 16px; line-height: inherit; font-family: inherit; vertical-align: baseline;\"> ด้านหลังรีสอร์ทติดริมน้ำเขื่อนบางลาง ซึ่งนักท่องเที่ยวสามารถลงแพชมบรรยากาศของเขื่อนได้&nbsp;&nbsp;<strong style=\"margin: 0px; padding: 0px;\">&ldquo;บ้านโต โฮมสเตย์&nbsp;</strong><strong style=\"margin: 0px; padding: 0px;\">&rdquo;</strong>&nbsp; ตั้งอยู่ริมทางถนนสาย 410 ยะลา- เบตง </span></p>\r\n<p style=\"margin: 0px; padding: 0px; border: 0px; font-variant-numeric: inherit; font-variant-east-asian: inherit; font-stretch: inherit; font-size: 13px; line-height: 20px; font-family: Arial, Helvetica, sans-serif; vertical-align: baseline; color: #333333; text-align: left;\"><span style=\"margin: 0px; padding: 0px; border: 0px; font-style: inherit; font-variant: inherit; font-weight: inherit; font-stretch: inherit; font-size: 16px; line-height: inherit; font-family: inherit; vertical-align: baseline;\">ห่างจากจุดชมวิวสะพานข้ามทะเลสาปเขื่อนบางลางเพียง 3 กิโลเมตร และ Skywalk จุดชมวิวทะเลหมอกอัยเยอร์เวง ประมาณ 10 กิโลเมตรเท่านั้น</span></p>\r\n<p style=\"margin: 0px; padding: 0px; border: 0px; font-variant-numeric: inherit; font-variant-east-asian: inherit; font-stretch: inherit; font-size: 13px; line-height: 20px; font-family: Arial, Helvetica, sans-serif; vertical-align: baseline; color: #333333; text-align: left;\">&nbsp;</p>\r\n<p style=\"margin: 0px; padding: 0px; border: 0px; font-variant-numeric: inherit; font-variant-east-asian: inherit; font-stretch: inherit; font-size: 13px; line-height: 20px; font-family: Arial, Helvetica, sans-serif; vertical-align: baseline; color: #333333; text-align: left;\"><span style=\"margin: 0px; padding: 0px; border: 0px; font-style: inherit; font-variant: inherit; font-weight: inherit; font-stretch: inherit; font-size: 16px; line-height: inherit; font-family: inherit; vertical-align: baseline;\"><img src=\"http://tourism.test/storage/reviews/June2021/2020-11_3988f9b9f21de08.jpg\" alt=\"\" width=\"973\" height=\"547\" /></span></p>\r\n<p style=\"margin: 0px; padding: 0px; border: 0px; font-variant-numeric: inherit; font-variant-east-asian: inherit; font-stretch: inherit; font-size: 13px; line-height: 20px; font-family: Arial, Helvetica, sans-serif; vertical-align: baseline; color: #333333; text-align: left;\">&nbsp;</p>\r\n<p style=\"margin: 0px; padding: 0px; border: 0px; font-variant-numeric: inherit; font-variant-east-asian: inherit; font-stretch: inherit; font-size: 13px; line-height: 20px; font-family: Arial, Helvetica, sans-serif; vertical-align: baseline; color: #333333; text-align: justify;\"><strong style=\"margin: 0px; padding: 0px; font-size: 16px;\">รูปแบบห้องพัก</strong><span style=\"margin: 0px; padding: 0px; border: 0px; font-style: inherit; font-variant: inherit; font-weight: inherit; font-stretch: inherit; font-size: 16px; line-height: inherit; font-family: inherit; vertical-align: baseline;\">&nbsp; ห้องพักแบบแยกเป็นหลัง 4 ห้องเล็ก(พักได้ สูงสุด 3 คน) , 1 ห้องใหญ่ (พักได้ สูงสุด 10 คน) พร้อมสิ่งอำนวยความสะดวก เครื่องทำน้ำอุ่น</span></p>\r\n<p style=\"margin: 0px; padding: 0px; border: 0px; font-variant-numeric: inherit; font-variant-east-asian: inherit; font-stretch: inherit; font-size: 13px; line-height: 20px; font-family: Arial, Helvetica, sans-serif; vertical-align: baseline; color: #333333; text-align: justify;\"><span style=\"margin: 0px; padding: 0px; border: 0px; font-style: inherit; font-variant: inherit; font-weight: inherit; font-stretch: inherit; font-size: 16px; line-height: inherit; font-family: inherit; vertical-align: baseline;\"> ทีวี พัดลม แอร์ และ Wifi&nbsp;</span><span style=\"margin: 0px; padding: 0px; border: 0px; font-style: inherit; font-variant: inherit; font-weight: inherit; font-stretch: inherit; font-size: 16px; line-height: inherit; font-family: inherit; vertical-align: baseline;\">มีสัญญาณมือถือ&nbsp; AIS , True</span></p>\r\n<p style=\"margin: 0px; padding: 0px; border: 0px; font-variant-numeric: inherit; font-variant-east-asian: inherit; font-stretch: inherit; font-size: 13px; line-height: 20px; font-family: Arial, Helvetica, sans-serif; vertical-align: baseline; color: #333333;\" align=\"center\">&nbsp;</p>\r\n<p style=\"margin: 0px; padding: 0px; border: 0px; font-variant-numeric: inherit; font-variant-east-asian: inherit; font-stretch: inherit; font-size: 13px; line-height: 20px; font-family: Arial, Helvetica, sans-serif; vertical-align: baseline; color: #333333; text-align: justify;\"><span style=\"margin: 0px; padding: 0px; border: 0px; font-style: inherit; font-variant: inherit; font-weight: inherit; font-stretch: inherit; font-size: 16px; line-height: inherit; font-family: inherit; vertical-align: baseline;\"><strong style=\"margin: 0px; padding: 0px;\">ราคา</strong>&nbsp;&nbsp;ห้องพัดลม 500 บาท/คืน , ห้องแอร์ 700&nbsp; บาท/คืน&nbsp; , ห้องใหญ่ &nbsp;2,000&nbsp; บาท/คืน&nbsp;&nbsp;</span></p>\r\n<p style=\"margin: 0px; padding: 0px; border: 0px; font-variant-numeric: inherit; font-variant-east-asian: inherit; font-stretch: inherit; font-size: 13px; line-height: 20px; font-family: Arial, Helvetica, sans-serif; vertical-align: baseline; color: #333333; text-align: justify;\">&nbsp;</p>\r\n<p style=\"margin: 0px; padding: 0px; border: 0px; font-variant-numeric: inherit; font-variant-east-asian: inherit; font-stretch: inherit; font-size: 13px; line-height: 20px; font-family: Arial, Helvetica, sans-serif; vertical-align: baseline; color: #333333; text-align: justify;\"><span style=\"margin: 0px; padding: 0px; border: 0px; font-style: inherit; font-variant: inherit; font-weight: inherit; font-stretch: inherit; font-size: 16px; line-height: inherit; font-family: inherit; vertical-align: baseline;\"><strong style=\"margin: 0px; padding: 0px;\">ที่อยู่</strong>&nbsp;&nbsp;&nbsp;59/1 ม.11 ต.แม่หวาด&nbsp; อ.ธารโต&nbsp; จ.ยะลา</span></p>\r\n<p style=\"margin: 0px; padding: 0px; border: 0px; font-variant-numeric: inherit; font-variant-east-asian: inherit; font-stretch: inherit; font-size: 13px; line-height: 20px; font-family: Arial, Helvetica, sans-serif; vertical-align: baseline; color: #333333; text-align: justify;\">&nbsp;</p>\r\n<p style=\"margin: 0px; padding: 0px; border: 0px; font-variant-numeric: inherit; font-variant-east-asian: inherit; font-stretch: inherit; font-size: 13px; line-height: 20px; font-family: Arial, Helvetica, sans-serif; vertical-align: baseline; color: #333333; text-align: justify;\"><span style=\"margin: 0px; padding: 0px; border: 0px; font-style: inherit; font-variant: inherit; font-weight: inherit; font-stretch: inherit; font-size: 16px; line-height: inherit; font-family: inherit; vertical-align: baseline;\"><strong style=\"margin: 0px; padding: 0px;\">Facebook Page / Website ที่พัก</strong>&nbsp; https://www.facebook.com/Banto-Homestay</span></p>\r\n<p style=\"margin: 0px; padding: 0px; border: 0px; font-variant-numeric: inherit; font-variant-east-asian: inherit; font-stretch: inherit; font-size: 13px; line-height: 20px; font-family: Arial, Helvetica, sans-serif; vertical-align: baseline; color: #333333; text-align: justify;\">&nbsp;</p>\r\n<p style=\"margin: 0px; padding: 0px; border: 0px; font-variant-numeric: inherit; font-variant-east-asian: inherit; font-stretch: inherit; font-size: 13px; line-height: 20px; font-family: Arial, Helvetica, sans-serif; vertical-align: baseline; color: #333333; text-align: justify;\"><span style=\"margin: 0px; padding: 0px; border: 0px; font-style: inherit; font-variant: inherit; font-weight: inherit; font-stretch: inherit; font-size: 16px; line-height: inherit; font-family: inherit; vertical-align: baseline;\"><strong style=\"margin: 0px; padding: 0px;\">เบอร์โทรติดต่อ&nbsp;&nbsp;</strong>065 - 726 5512</span></p>\r\n<p style=\"margin: 0px; padding: 0px; border: 0px; font-variant-numeric: inherit; font-variant-east-asian: inherit; font-stretch: inherit; font-size: 13px; line-height: 20px; font-family: Arial, Helvetica, sans-serif; vertical-align: baseline; color: #333333; text-align: justify;\">&nbsp;</p>\r\n<p style=\"margin: 0px; padding: 0px; border: 0px; font-variant-numeric: inherit; font-variant-east-asian: inherit; font-stretch: inherit; font-size: 13px; line-height: 20px; font-family: Arial, Helvetica, sans-serif; vertical-align: baseline; color: #333333; text-align: justify;\"><span style=\"margin: 0px; padding: 0px; border: 0px; font-style: inherit; font-variant: inherit; font-weight: inherit; font-stretch: inherit; font-size: 16px; line-height: inherit; font-family: inherit; vertical-align: baseline;\"><strong style=\"margin: 0px; padding: 0px;\">บริการเพิ่มเติม&nbsp;&nbsp;&nbsp;</strong>มีบริการล่องแพชมเขื่อนบางลาง</span></p>\r\n<p style=\"margin: 0px; padding: 0px; border: 0px; font-variant-numeric: inherit; font-variant-east-asian: inherit; font-stretch: inherit; font-size: 13px; line-height: 20px; font-family: Arial, Helvetica, sans-serif; vertical-align: baseline; color: #333333; text-align: justify;\">&nbsp;</p>\r\n<p style=\"margin: 0px; padding: 0px; border: 0px; font-variant-numeric: inherit; font-variant-east-asian: inherit; font-stretch: inherit; font-size: 13px; line-height: 20px; font-family: Arial, Helvetica, sans-serif; vertical-align: baseline; color: #333333; text-align: left;\">&nbsp;</p>\r\n<p style=\"margin: 0px; padding: 0px; border: 0px; font-variant-numeric: inherit; font-variant-east-asian: inherit; font-stretch: inherit; font-size: 13px; line-height: 20px; font-family: Arial, Helvetica, sans-serif; vertical-align: baseline; color: #333333; text-align: justify;\"><span style=\"margin: 0px; padding: 0px; border: 0px; font-style: inherit; font-variant: inherit; font-weight: inherit; font-stretch: inherit; font-size: 16px; line-height: inherit; font-family: inherit; vertical-align: baseline;\"><strong style=\"margin: 0px; padding: 0px;\">แนะนำเพิ่มเติม</strong>&nbsp; มีบริการอาหารตามสั่งและร้านกาแฟ</span></p>\r\n<p style=\"margin: 0px; padding: 0px; border: 0px; font-variant-numeric: inherit; font-variant-east-asian: inherit; font-stretch: inherit; font-size: 13px; line-height: 20px; font-family: Arial, Helvetica, sans-serif; vertical-align: baseline; color: #333333; text-align: justify;\">&nbsp;</p>\r\n<p style=\"margin: 0px; padding: 0px; border: 0px; font-variant-numeric: inherit; font-variant-east-asian: inherit; font-stretch: inherit; font-size: 13px; line-height: 20px; font-family: Arial, Helvetica, sans-serif; vertical-align: baseline; color: #333333; text-align: justify;\">&nbsp;</p>\r\n<p style=\"margin: 0px; padding: 0px; border: 0px; font-variant-numeric: inherit; font-variant-east-asian: inherit; font-stretch: inherit; font-size: 13px; line-height: 20px; font-family: Arial, Helvetica, sans-serif; vertical-align: baseline; color: #333333; text-align: left;\" align=\"center\"><span style=\"margin: 0px; padding: 0px; border: 0px; font-style: inherit; font-variant: inherit; font-weight: inherit; font-stretch: inherit; font-size: 16px; line-height: inherit; font-family: inherit; vertical-align: baseline;\"><strong style=\"margin: 0px; padding: 0px;\">&ldquo;ทะเลหมอก รีสอร์ท&rdquo;</strong></span></p>\r\n<p style=\"margin: 0px; padding: 0px; border: 0px; font-variant-numeric: inherit; font-variant-east-asian: inherit; font-stretch: inherit; font-size: 13px; line-height: 20px; font-family: Arial, Helvetica, sans-serif; vertical-align: baseline; color: #333333; text-align: left;\" align=\"center\">&nbsp;</p>\r\n<p style=\"margin: 0px; padding: 0px; border: 0px; font-variant-numeric: inherit; font-variant-east-asian: inherit; font-stretch: inherit; font-size: 13px; line-height: 20px; font-family: Arial, Helvetica, sans-serif; vertical-align: baseline; color: #333333; text-align: left;\">&nbsp;</p>\r\n<p style=\"margin: 0px; padding: 0px; border: 0px; font-variant-numeric: inherit; font-variant-east-asian: inherit; font-stretch: inherit; font-size: 13px; line-height: 20px; font-family: Arial, Helvetica, sans-serif; vertical-align: baseline; color: #333333; text-align: left;\"><span style=\"margin: 0px; padding: 0px; border: 0px; font-style: inherit; font-variant: inherit; font-weight: inherit; font-stretch: inherit; font-size: 16px; line-height: inherit; font-family: inherit; vertical-align: baseline;\">&nbsp; &nbsp; &nbsp; &nbsp; รีสอร์ทราคาหลักร้อย วิวหลักล้าน ที่ใกล้จุดชมวิวสกายวอล์ค เพียง 9กิโลเมตร หรือประมาณ 20 นาที ด้วยทำเลที่ตั้งรีสอร์ทบนเนินเขาที่มองเห็น สกายวอล์คอยู่เบื้องหน้า พร้อมวิวภูเขาแบบพาโนรามา &nbsp;มีโค้งน้ำไหลผ่านด้านล่าง ช่วงเช้าของบางวันจะเห็นหมอกปกคลุมทั่วทั้งบริเวณที่พัก ซึ่งห้องพักทุกห้องจะมองเห็นวิวธรรมชาติ </span></p>\r\n<p style=\"margin: 0px; padding: 0px; border: 0px; font-variant-numeric: inherit; font-variant-east-asian: inherit; font-stretch: inherit; font-size: 13px; line-height: 20px; font-family: Arial, Helvetica, sans-serif; vertical-align: baseline; color: #333333; text-align: left;\"><span style=\"margin: 0px; padding: 0px; border: 0px; font-style: inherit; font-variant: inherit; font-weight: inherit; font-stretch: inherit; font-size: 16px; line-height: inherit; font-family: inherit; vertical-align: baseline;\">สวยๆได้ตลอดทั้งวัน</span></p>\r\n<p style=\"margin: 0px; padding: 0px; border: 0px; font-variant-numeric: inherit; font-variant-east-asian: inherit; font-stretch: inherit; font-size: 13px; line-height: 20px; font-family: Arial, Helvetica, sans-serif; vertical-align: baseline; color: #333333; text-align: left;\">&nbsp;</p>\r\n<p style=\"margin: 0px; padding: 0px; border: 0px; font-variant-numeric: inherit; font-variant-east-asian: inherit; font-stretch: inherit; font-size: 13px; line-height: 20px; font-family: Arial, Helvetica, sans-serif; vertical-align: baseline; color: #333333; text-align: left;\"><span style=\"margin: 0px; padding: 0px; border: 0px; font-style: inherit; font-variant: inherit; font-weight: inherit; font-stretch: inherit; font-size: 16px; line-height: inherit; font-family: inherit; vertical-align: baseline;\"><img src=\"http://tourism.test/storage/reviews/June2021/2020-11_9c07c5f2e05473e.jpg\" alt=\"\" width=\"988\" height=\"556\" /></span></p>\r\n<p style=\"margin: 0px; padding: 0px; border: 0px; font-variant-numeric: inherit; font-variant-east-asian: inherit; font-stretch: inherit; font-size: 13px; line-height: 20px; font-family: Arial, Helvetica, sans-serif; vertical-align: baseline; color: #333333; text-align: left;\">&nbsp;</p>\r\n<p style=\"margin: 0px; padding: 0px; border: 0px; font-variant-numeric: inherit; font-variant-east-asian: inherit; font-stretch: inherit; font-size: 13px; line-height: 20px; font-family: Arial, Helvetica, sans-serif; vertical-align: baseline; color: #333333; text-align: justify;\"><span style=\"margin: 0px; padding: 0px; border: 0px; font-style: inherit; font-variant: inherit; font-weight: inherit; font-stretch: inherit; font-size: 16px; line-height: inherit; font-family: inherit; vertical-align: baseline;\"><strong style=\"margin: 0px; padding: 0px;\">รูปแบบห้องพัก&nbsp;</strong>ห้องพักแยกเป็นหลังๆจำนวน 9 ห้องมีห้องน้ำในตัวทุกห้อง</span></p>\r\n<p style=\"margin: 0px; padding: 0px; border: 0px; font-variant-numeric: inherit; font-variant-east-asian: inherit; font-stretch: inherit; font-size: 13px; line-height: 20px; font-family: Arial, Helvetica, sans-serif; vertical-align: baseline; color: #333333; text-align: justify;\"><span style=\"margin: 0px; padding: 0px; border: 0px; font-style: inherit; font-variant: inherit; font-weight: inherit; font-stretch: inherit; font-size: 16px; line-height: inherit; font-family: inherit; vertical-align: baseline;\">สิ่งอำนวยความสะดวกภายในห้องพัก แอร์ ตู้เย็น กระติกน้ำร้อน เครื่องทำน้ำอุ่น ทีวี ไวไฟ</span></p>\r\n<p style=\"margin: 0px; padding: 0px; border: 0px; font-variant-numeric: inherit; font-variant-east-asian: inherit; font-stretch: inherit; font-size: 13px; line-height: 20px; font-family: Arial, Helvetica, sans-serif; vertical-align: baseline; color: #333333; text-align: justify;\"><span style=\"margin: 0px; padding: 0px; border: 0px; font-style: inherit; font-variant: inherit; font-weight: inherit; font-stretch: inherit; font-size: 16px; line-height: inherit; font-family: inherit; vertical-align: baseline;\">สัญญาณโทรศัพท์มือถือ AIS , True , Dtac</span></p>\r\n<p style=\"margin: 0px; padding: 0px; border: 0px; font-variant-numeric: inherit; font-variant-east-asian: inherit; font-stretch: inherit; font-size: 13px; line-height: 20px; font-family: Arial, Helvetica, sans-serif; vertical-align: baseline; color: #333333; text-align: justify;\">&nbsp;</p>\r\n<p style=\"margin: 0px; padding: 0px; border: 0px; font-variant-numeric: inherit; font-variant-east-asian: inherit; font-stretch: inherit; font-size: 13px; line-height: 20px; font-family: Arial, Helvetica, sans-serif; vertical-align: baseline; color: #333333; text-align: justify;\"><strong style=\"margin: 0px; padding: 0px; font-size: 16px;\">ราคา&nbsp;&nbsp;</strong><span style=\"margin: 0px; padding: 0px; border: 0px; font-style: inherit; font-variant: inherit; font-weight: inherit; font-stretch: inherit; font-size: 16px; line-height: inherit; font-family: inherit; vertical-align: baseline;\">ราคาเดียว 600 / คืน</span></p>\r\n<p style=\"margin: 0px; padding: 0px; border: 0px; font-variant-numeric: inherit; font-variant-east-asian: inherit; font-stretch: inherit; font-size: 13px; line-height: 20px; font-family: Arial, Helvetica, sans-serif; vertical-align: baseline; color: #333333; text-align: justify;\">&nbsp;</p>\r\n<p style=\"margin: 0px; padding: 0px; border: 0px; font-variant-numeric: inherit; font-variant-east-asian: inherit; font-stretch: inherit; font-size: 13px; line-height: 20px; font-family: Arial, Helvetica, sans-serif; vertical-align: baseline; color: #333333; text-align: justify;\"><span style=\"margin: 0px; padding: 0px; border: 0px; font-style: inherit; font-variant: inherit; font-weight: inherit; font-stretch: inherit; font-size: 16px; line-height: inherit; font-family: inherit; vertical-align: baseline;\"><strong style=\"margin: 0px; padding: 0px;\">ที่อยู่&nbsp;&nbsp;</strong>99/1 ม.6 ต.อัยเยอร์เวง อ.เบตง จ.ยะลา</span></p>\r\n<p style=\"margin: 0px; padding: 0px; border: 0px; font-variant-numeric: inherit; font-variant-east-asian: inherit; font-stretch: inherit; font-size: 13px; line-height: 20px; font-family: Arial, Helvetica, sans-serif; vertical-align: baseline; color: #333333; text-align: justify;\">&nbsp;</p>\r\n<p style=\"margin: 0px; padding: 0px; border: 0px; font-variant-numeric: inherit; font-variant-east-asian: inherit; font-stretch: inherit; font-size: 13px; line-height: 20px; font-family: Arial, Helvetica, sans-serif; vertical-align: baseline; color: #333333; text-align: justify;\"><span style=\"margin: 0px; padding: 0px; border: 0px; font-style: inherit; font-variant: inherit; font-weight: inherit; font-stretch: inherit; font-size: 16px; line-height: inherit; font-family: inherit; vertical-align: baseline;\"><strong style=\"margin: 0px; padding: 0px;\">พิกัด&nbsp;</strong><strong style=\"margin: 0px; padding: 0px;\">(Google map)</strong>&nbsp;&nbsp;&nbsp; กม.39 ทางไปวังไทรข้ามสะพานประมาณ 200 เมตร</span></p>\r\n<p style=\"margin: 0px; padding: 0px; border: 0px; font-variant-numeric: inherit; font-variant-east-asian: inherit; font-stretch: inherit; font-size: 13px; line-height: 20px; font-family: Arial, Helvetica, sans-serif; vertical-align: baseline; color: #333333; text-align: justify;\">&nbsp;</p>\r\n<p style=\"margin: 0px; padding: 0px; border: 0px; font-variant-numeric: inherit; font-variant-east-asian: inherit; font-stretch: inherit; font-size: 13px; line-height: 20px; font-family: Arial, Helvetica, sans-serif; vertical-align: baseline; color: #333333; text-align: justify;\"><span style=\"margin: 0px; padding: 0px; border: 0px; font-style: inherit; font-variant: inherit; font-weight: inherit; font-stretch: inherit; font-size: 16px; line-height: inherit; font-family: inherit; vertical-align: baseline;\"><strong style=\"margin: 0px; padding: 0px;\">Facebook Page / Website&nbsp;</strong>&nbsp;&nbsp;&nbsp;&nbsp;&nbsp;&nbsp; ทะเลหมอกรีสอร์ท</span></p>\r\n<p style=\"margin: 0px; padding: 0px; border: 0px; font-variant-numeric: inherit; font-variant-east-asian: inherit; font-stretch: inherit; font-size: 13px; line-height: 20px; font-family: Arial, Helvetica, sans-serif; vertical-align: baseline; color: #333333; text-align: justify;\">&nbsp;</p>\r\n<p style=\"margin: 0px; padding: 0px; border: 0px; font-variant-numeric: inherit; font-variant-east-asian: inherit; font-stretch: inherit; font-size: 13px; line-height: 20px; font-family: Arial, Helvetica, sans-serif; vertical-align: baseline; color: #333333; text-align: justify;\"><strong style=\"margin: 0px; padding: 0px; font-size: 16px;\">เบอร์โทรติดต่อ&nbsp;</strong><span style=\"margin: 0px; padding: 0px; border: 0px; font-style: inherit; font-variant: inherit; font-weight: inherit; font-stretch: inherit; font-size: 16px; line-height: inherit; font-family: inherit; vertical-align: baseline;\">081-896 8028 , 089-299 0387</span></p>\r\n<p style=\"margin: 0px; padding: 0px; border: 0px; font-variant-numeric: inherit; font-variant-east-asian: inherit; font-stretch: inherit; font-size: 13px; line-height: 20px; font-family: Arial, Helvetica, sans-serif; vertical-align: baseline; color: #333333; text-align: justify;\">&nbsp;</p>\r\n<p style=\"margin: 0px; padding: 0px; border: 0px; font-variant-numeric: inherit; font-variant-east-asian: inherit; font-stretch: inherit; font-size: 13px; line-height: 20px; font-family: Arial, Helvetica, sans-serif; vertical-align: baseline; color: #333333; text-align: justify;\"><strong style=\"margin: 0px; padding: 0px; font-size: 16px;\">บริการเพิ่มเติม&nbsp; &nbsp;</strong><span style=\"margin: 0px; padding: 0px; border: 0px; font-style: inherit; font-variant: inherit; font-weight: inherit; font-stretch: inherit; font-size: 16px; line-height: inherit; font-family: inherit; vertical-align: baseline;\">มีพื้นที่จัดเลี้ยงประชุม สัมมนา คาราโอเกะ รองรับได้สูงสุด 60 คน</span></p>\r\n<p style=\"margin: 0px; padding: 0px; border: 0px; font-variant-numeric: inherit; font-variant-east-asian: inherit; font-stretch: inherit; font-size: 13px; line-height: 20px; font-family: Arial, Helvetica, sans-serif; vertical-align: baseline; color: #333333; text-align: justify;\"><span style=\"margin: 0px; padding: 0px; border: 0px; font-style: inherit; font-variant: inherit; font-weight: inherit; font-stretch: inherit; font-size: 16px; line-height: inherit; font-family: inherit; vertical-align: baseline;\">มีบริการรับส่งนักท่องเที่ยวถึงทะเลหมอก , มีมอเตอร์ไซด์ให้เช่า บริการนำเที่ยวล่องแพ-เรือ เขื่อนบางลาง เกาะทวด ป่าฮาลา บาลา</span></p>\r\n<p style=\"margin: 0px; padding: 0px; border: 0px; font-variant-numeric: inherit; font-variant-east-asian: inherit; font-stretch: inherit; font-size: 13px; line-height: 20px; font-family: Arial, Helvetica, sans-serif; vertical-align: baseline; color: #333333; text-align: justify;\">&nbsp;</p>\r\n<p style=\"margin: 0px; padding: 0px; border: 0px; font-variant-numeric: inherit; font-variant-east-asian: inherit; font-stretch: inherit; font-size: 13px; line-height: 20px; font-family: Arial, Helvetica, sans-serif; vertical-align: baseline; color: #333333; text-align: left;\">&nbsp;</p>\r\n<p style=\"margin: 0px; padding: 0px; border: 0px; font-variant-numeric: inherit; font-variant-east-asian: inherit; font-stretch: inherit; font-size: 13px; line-height: 20px; font-family: Arial, Helvetica, sans-serif; vertical-align: baseline; color: #333333; text-align: justify;\"><strong style=\"margin: 0px; padding: 0px; font-size: 16px;\">แนะนำเพิ่มเติม</strong><span style=\"margin: 0px; padding: 0px; border: 0px; font-style: inherit; font-variant: inherit; font-weight: inherit; font-stretch: inherit; font-size: 16px; line-height: inherit; font-family: inherit; vertical-align: baseline;\">&nbsp; มีบริการอาหารตามสั่ง&nbsp; เมนูแนะนำ อาหารพื้นถิ่น แกงส้มปลากด , ปลากระโดดทอด , ยำผักกูด</span></p>\r\n<p style=\"margin: 0px; padding: 0px; border: 0px; font-variant-numeric: inherit; font-variant-east-asian: inherit; font-stretch: inherit; font-size: 13px; line-height: 20px; font-family: Arial, Helvetica, sans-serif; vertical-align: baseline; color: #333333; text-align: justify;\">&nbsp;</p>\r\n<p style=\"margin: 0px; padding: 0px; border: 0px; font-variant-numeric: inherit; font-variant-east-asian: inherit; font-stretch: inherit; font-size: 13px; line-height: 20px; font-family: Arial, Helvetica, sans-serif; vertical-align: baseline; color: #333333; text-align: justify;\">&nbsp;</p>\r\n<p style=\"margin: 0px; padding: 0px; border: 0px; font-variant-numeric: inherit; font-variant-east-asian: inherit; font-stretch: inherit; font-size: 13px; line-height: 20px; font-family: Arial, Helvetica, sans-serif; vertical-align: baseline; color: #333333; text-align: justify;\">&nbsp;</p>\r\n<p style=\"margin: 0px; padding: 0px; border: 0px; font-variant-numeric: inherit; font-variant-east-asian: inherit; font-stretch: inherit; font-size: 13px; line-height: 20px; font-family: Arial, Helvetica, sans-serif; vertical-align: baseline; color: #333333; text-align: justify;\">&nbsp;</p>\r\n<p style=\"margin: 0px; padding: 0px; border: 0px; font-variant-numeric: inherit; font-variant-east-asian: inherit; font-stretch: inherit; font-size: 13px; line-height: 20px; font-family: Arial, Helvetica, sans-serif; vertical-align: baseline; color: #333333; text-align: justify;\"><span style=\"margin: 0px; padding: 0px; border: 0px; font-style: inherit; font-variant: inherit; font-weight: inherit; font-stretch: inherit; font-size: 16px; line-height: inherit; font-family: inherit; vertical-align: baseline;\">เครดิต ขอบคุณบทความจาก : ล่องใต้ชายแดน</span></p>\r\n<p style=\"margin: 0px; padding: 0px; border: 0px; font-variant-numeric: inherit; font-variant-east-asian: inherit; font-stretch: inherit; font-size: 13px; line-height: 20px; font-family: Arial, Helvetica, sans-serif; vertical-align: baseline; color: #333333; text-align: justify;\"><span style=\"margin: 0px; padding: 0px; border: 0px; font-style: inherit; font-variant: inherit; font-weight: inherit; font-stretch: inherit; font-size: 16px; line-height: inherit; font-family: inherit; vertical-align: baseline;\">อ่านต้นฉบับได้ที่ : https://www.paaktai.com/longtai/detail/195</span></p>', 'reviews\\June2021\\DKI8yCM3IVnjxwsXuQxD.jpg', 1, 3, '2021-06-15 07:10:00', '2021-06-20 02:03:59', 1);
INSERT INTO `reviews` (`id`, `name`, `budget`, `duration`, `body`, `cover_image`, `province_id`, `category_id`, `created_at`, `updated_at`, `user_id`) VALUES
(6, 'เดินเที่ยว Street Art เมืองปัตตานี', 0, 1, '<p><img src=\"http://tourism.test/storage/reviews/June2021/aHR0cHM6Ly9zLmlzYW5vb2suY29tL3RyLzAvdWQvMjgzLzE0MTc1ODkvdGdoeS5qcGc=.jpg\" alt=\"\" /></p>\r\n<p>&nbsp;</p>\r\n<p style=\"box-sizing: inherit; margin: 0px 0px 1.6em; padding: 0px; line-height: 1.5em; word-break: break-word; color: #292b2c; font-family: \'Helvetica Neue\', Helvetica, Arial, sans-serif; font-size: 16.5px;\">ปัตตานี เมืองท่าที่รุ่งเรืองและมีความสำคัญของดินแดนปลายด้ามขวาน ที่นี่มีทั้งทรัพยากรณ์ธรรมชาติอันอุดมสมบูรณ์ มีเรื่องราวประวัติศาสตร์น่ารู้ วิถีชีวิตชุมชนน่ารัก&nbsp; และมีสถาปัตยกรรมน่าชม วันนี้ นายรอบรู้ นักเดินทาง ของพาทุกคนลงใต้ไปสู่เมืองปัตตานีอีกสักครั้ง ไปเดินเที่ยวชมสตรีทอาร์ตรอบเมืองกัน</p>\r\n<p style=\"box-sizing: inherit; margin: 0px 0px 1.6em; padding: 0px; line-height: 1.5em; word-break: break-word; color: #292b2c; font-family: \'Helvetica Neue\', Helvetica, Arial, sans-serif; font-size: 16.5px;\">เราเริ่มทริปด้วยการมาสักการะเจ้าแม่ลิ้มกอเหนี่ยวเพื่อเป็นสิริมงคลกันก่อน ศาลเจ้าแม่ลิ้มกอเหนี่ยวหรือ ศาลเจ้าเล่งจูเกียง ภายในประดิษฐานเจ้าแม่ลิ้มกอเหนี่ยว พระหมอ เจ้าแม่ทับทิม ที่ชาวบ้านเคารพนับถือ ใครได้มากราบไหว้เชื่อว่าจะเป็นสิริมงคลแก่ชีวิต</p>\r\n<p style=\"box-sizing: inherit; margin: 0px 0px 1.6em; padding: 0px; line-height: 1.5em; word-break: break-word; color: #292b2c; font-family: \'Helvetica Neue\', Helvetica, Arial, sans-serif; font-size: 16.5px;\">&nbsp;</p>\r\n<p style=\"box-sizing: inherit; margin: 0px 0px 1.6em; padding: 0px; line-height: 1.5em; word-break: break-word; color: #292b2c; font-family: \'Helvetica Neue\', Helvetica, Arial, sans-serif; font-size: 16.5px;\"><img src=\"http://tourism.test/storage/reviews/June2021/aHR0cHM6Ly9zLmlzYW5vb2suY29tL3RyLzAvdWQvMjgzLzE0MTc1ODkvZHNjMDQ0MzAtb2Zsa3k5cTlpeHh0YXo2YmFmcWsuanBn.jpg\" alt=\"\" /></p>\r\n<p style=\"box-sizing: inherit; margin: 0px 0px 1.6em; padding: 0px; line-height: 1.5em; word-break: break-word; color: #292b2c; font-family: \'Helvetica Neue\', Helvetica, Arial, sans-serif; font-size: 16.5px;\"><img src=\"http://tourism.test/storage/reviews/June2021/aHR0cHM6Ly9zLmlzYW5vb2suY29tL3RyLzAvdWQvMjgzLzE0MTc1ODkvZHNjMDQzMjEtNzY4eDUxMi5qcGc=.jpg\" alt=\"\" /></p>\r\n<p style=\"box-sizing: inherit; margin: 0px 0px 1.6em; padding: 0px; line-height: 1.5em; word-break: break-word; color: #292b2c; font-family: \'Helvetica Neue\', Helvetica, Arial, sans-serif; font-size: 16.5px;\"><img src=\"http://tourism.test/storage/reviews/June2021/aHR0cHM6Ly9zLmlzYW5vb2suY29tL3RyLzAvdWQvMjgzLzE0MTc1ODkvZHNjMDQ0NDMtNzY4eDUxMi5qcGc=.jpg\" alt=\"\" /></p>\r\n<p style=\"box-sizing: inherit; margin: 0px 0px 1.6em; padding: 0px; line-height: 1.5em; word-break: break-word; color: #292b2c; font-family: \'Helvetica Neue\', Helvetica, Arial, sans-serif; font-size: 16.5px;\">ไม่ไกลจากศาลเจ้าแม่ลิ้มกอเหนี่ยว สองข้างทางของถนนอาเนาะรู เป็นบ้านเก่าแก่ว่ากันว่าเป็นที่ตั้งของชุมชนจีนแห่งแรกๆ ของเมืองปัตตานี บ้านเก่าเหล่านี้ถูกบูรณะดูแลให้สวยงามกลับมามีชีวิตขึ้นอีกครั้ง&nbsp; ข้างกำแพงถูกแต่งแต้มด้วยสีสันจากสตรีทอาร์ตหลายจุด ไม่ว่าเป็นลวดลายมังกรที่ม้วนตัวเลื้อยพันอยู่บนกำแพง ภาพวิถีชีวิตคนปัตตานีที่อยู่กับ<a class=\"keyword\" style=\"box-sizing: inherit; color: #333333; text-decoration-line: none; outline: 0px; touch-action: manipulation; word-break: break-all;\" title=\"ทะเล\" href=\"https://www.sanook.com/travel/1397261/\" target=\"_blank\" rel=\"noopener\">ทะเล</a>&nbsp;ภาพเรือกอและบนชายหาด ต่างก็ชวนให้นัก<a class=\"keyword\" style=\"box-sizing: inherit; color: #333333; text-decoration-line: none; outline: 0px; touch-action: manipulation; word-break: break-all;\" title=\"ท่องเที่ยว\" href=\"https://www.sanook.com/travel\" target=\"_blank\" rel=\"noopener\">ท่องเที่ยว</a>อย่างเราๆ อยากเดินเล่นชมงานศิลป์รอบเมืองขึ้นมาทันที</p>\r\n<p style=\"box-sizing: inherit; margin: 0px 0px 1.6em; padding: 0px; line-height: 1.5em; word-break: break-word; color: #292b2c; font-family: \'Helvetica Neue\', Helvetica, Arial, sans-serif; font-size: 16.5px;\"><img src=\"http://tourism.test/storage/reviews/June2021/aHR0cHM6Ly9zLmlzYW5vb2suY29tL3RyLzAvdWQvMjgzLzE0MTc1ODkvZGV1MTgzMy1vZmxrdnNmbGhvamtvMHMwcnY1MHEuanBn1.jpg\" alt=\"\" /></p>\r\n<p style=\"box-sizing: inherit; margin: 0px 0px 1.6em; padding: 0px; line-height: 1.5em; word-break: break-word; color: #292b2c; font-family: \'Helvetica Neue\', Helvetica, Arial, sans-serif; font-size: 16.5px;\">เราเดินลัดเลาะกันมาเรื่อยๆ จากหน้าศาลเจ้าแม่ฯ ผ่านถนนอาเนาะรู เข้าสู่ถนนปะนาเระ แล้วเดินเลี้ยวขวาเข้าสู่ถนนมายอ หากเดินช้าๆ ชมบ้านเรือนไปเรื่อยๆ คุณจะพบกับภาพวาดสตรีทอาร์ตที่บางรูปก็หาง่าย เพราะตั้งเด่นเป็นสง่าอยู่หัวมุมสี่แยก บางรูปอาจต้องใช้สายตาหรือความช่างสังเกตสักหน่อยจึงจะเห็น</p>\r\n<p style=\"box-sizing: inherit; margin: 0px 0px 1.6em; padding: 0px; line-height: 1.5em; word-break: break-word; color: #292b2c; font-family: \'Helvetica Neue\', Helvetica, Arial, sans-serif; font-size: 16.5px;\"><img src=\"http://tourism.test/storage/reviews/June2021/aHR0cHM6Ly9zLmlzYW5vb2suY29tL3RyLzAvdWQvMjgzLzE0MTc1ODkvZGV1MTg0Ny03Njh4NTEyLmpwZw==.jpg\" alt=\"\" /></p>\r\n<p style=\"box-sizing: inherit; margin: 0px 0px 1.6em; padding: 0px; line-height: 1.5em; word-break: break-word; color: #292b2c; font-family: \'Helvetica Neue\', Helvetica, Arial, sans-serif; font-size: 16.5px;\"><img src=\"http://tourism.test/storage/reviews/June2021/aHR0cHM6Ly9zLmlzYW5vb2suY29tL3RyLzAvdWQvMjgzLzE0MTc1ODkvZGV1MTg1MC03Njh4NTEyLmpwZw==.jpg\" alt=\"\" /></p>\r\n<p style=\"box-sizing: inherit; margin: 0px 0px 1.6em; padding: 0px; line-height: 1.5em; word-break: break-word; color: #292b2c; font-family: \'Helvetica Neue\', Helvetica, Arial, sans-serif; font-size: 16.5px;\">ศิลปะริมทางเหล่านี้เกิดจากความร่วมมือกันของคนในชุมชน เพื่อหวังให้เมืองปัตตานีมีชีวิตชีวามากขึ้น บางภาพใช้ลายเส้นง่ายๆ บางภาพอาจใช้เทคนิคศิลปะชั้นสูงผสมผสาน ไม่ว่าจะแนวไหน&hellip;ก็ดูน่ารักน่ามองทั้งนั้น</p>\r\n<p style=\"box-sizing: inherit; margin: 0px 0px 1.6em; padding: 0px; line-height: 1.5em; word-break: break-word; color: #292b2c; font-family: \'Helvetica Neue\', Helvetica, Arial, sans-serif; font-size: 16.5px;\">ใครไปปัตตานี มีโอกาสไปสักการะเจ้าแม่ลิ้มกอเหนี่ยว นายรอบรู้แนะนำว่าอย่าเพิ่งรีบกลับ ลองเดินเล่นชมเมืองโดยรอบดูบ้าง ไม่แน่ว่าเมืองน่ารักแห่งนี้จะพาให้คุณหลงใหลแบบไม่รู้ตัว</p>\r\n<p style=\"box-sizing: inherit; margin: 0px 0px 1.6em; padding: 0px; line-height: 1.5em; word-break: break-word; color: #292b2c; font-family: \'Helvetica Neue\', Helvetica, Arial, sans-serif; font-size: 16.5px;\"><img src=\"http://tourism.test/storage/reviews/June2021/aHR0cHM6Ly9zLmlzYW5vb2suY29tL3RyLzAvdWQvMjgzLzE0MTc1ODkvZGV1MTgzNS03Njh4NTEyLmpwZw==.jpg\" alt=\"\" /></p>\r\n<p style=\"box-sizing: inherit; margin: 0px 0px 1.6em; padding: 0px; line-height: 1.5em; word-break: break-word; color: #292b2c; font-family: \'Helvetica Neue\', Helvetica, Arial, sans-serif; font-size: 16.5px;\"><img src=\"http://tourism.test/storage/reviews/June2021/aHR0cHM6Ly9zLmlzYW5vb2suY29tL3RyLzAvdWQvMjgzLzE0MTc1ODkvZGV1MTg0NS1vZmxrd2Z4azhqZnFxOXR2eW5hb3ouanBn.jpg\" alt=\"\" /></p>\r\n<p style=\"box-sizing: inherit; margin: 0px 0px 1.6em; padding: 0px; line-height: 1.5em; word-break: break-word; color: #292b2c; font-family: \'Helvetica Neue\', Helvetica, Arial, sans-serif; font-size: 16.5px;\"><img src=\"http://tourism.test/storage/reviews/June2021/aHR0cHM6Ly9zLmlzYW5vb2suY29tL3RyLzAvdWQvMjgzLzE0MTc1ODkvZ29wcjcyMTEtb2Zsa3lvcm9rYWllZ3FrZ3VtOGwuanBn.jpg\" alt=\"\" /></p>\r\n<h3 style=\"box-sizing: inherit; margin: 1em 0px; font-family: \'Helvetica Neue\', Helvetica, Arial, sans-serif; color: #292b2c;\">Info</h3>\r\n<p style=\"box-sizing: inherit; margin: 0px 0px 1.6em; padding: 0px; line-height: 1.5em; word-break: break-word; color: #292b2c; font-family: \'Helvetica Neue\', Helvetica, Arial, sans-serif; font-size: 16.5px;\">Street art ปัตตานี</p>\r\n<p style=\"box-sizing: inherit; margin: 0px 0px 1.6em; padding: 0px; line-height: 1.5em; word-break: break-word; color: #292b2c; font-family: \'Helvetica Neue\', Helvetica, Arial, sans-serif; font-size: 16.5px;\">ที่ตั้ง&nbsp;ต. อาเนาะรู อ. เมืองปัตตานี จ. ปัตตานี</p>\r\n<p style=\"box-sizing: inherit; margin: 0px 0px 1.6em; padding: 0px; line-height: 1.5em; word-break: break-word; color: #292b2c; font-family: \'Helvetica Neue\', Helvetica, Arial, sans-serif; font-size: 16.5px;\">สตรีทอาร์เมืองปัตตานี ยังมีกระจายอยู่ในโซนเมืองเก่า สามารถเดินเล่นชมเมืองได้ โดยเฉพาะเวลาเช้าตรู่และเย็น เป็นเวลาที่เหมาะจะเดินชมเมืองอย่างมาก</p>\r\n<p style=\"box-sizing: inherit; margin: 0px 0px 1.6em; padding: 0px; line-height: 1.5em; word-break: break-word; color: #292b2c; font-family: \'Helvetica Neue\', Helvetica, Arial, sans-serif; font-size: 16.5px;\">เครดิต ขอบคุณบทความจาก : sanook.com</p>\r\n<p style=\"box-sizing: inherit; margin: 0px 0px 1.6em; padding: 0px; line-height: 1.5em; word-break: break-word; color: #292b2c; font-family: \'Helvetica Neue\', Helvetica, Arial, sans-serif; font-size: 16.5px;\">อ่านต้นฉบับได้ที่ : https://www.sanook.com/travel/1417589/</p>', 'reviews\\June2021\\XATastHO2wjD1zuyoBeR.jpg', 2, 4, '2021-06-15 07:17:00', '2021-06-20 02:02:56', 1);

-- --------------------------------------------------------

--
-- Table structure for table `roles`
--

CREATE TABLE `roles` (
  `id` bigint(20) UNSIGNED NOT NULL,
  `name` varchar(255) COLLATE utf8mb4_unicode_ci NOT NULL,
  `display_name` varchar(255) COLLATE utf8mb4_unicode_ci NOT NULL,
  `created_at` timestamp NULL DEFAULT NULL,
  `updated_at` timestamp NULL DEFAULT NULL
) ENGINE=InnoDB DEFAULT CHARSET=utf8mb4 COLLATE=utf8mb4_unicode_ci;

--
-- Dumping data for table `roles`
--

INSERT INTO `roles` (`id`, `name`, `display_name`, `created_at`, `updated_at`) VALUES
(1, 'admin', 'Administrator', '2021-04-27 20:27:34', '2021-04-27 20:27:34'),
(2, 'user', 'Normal User', '2021-04-27 20:27:34', '2021-04-27 20:27:34');

-- --------------------------------------------------------

--
-- Table structure for table `settings`
--

CREATE TABLE `settings` (
  `id` int(10) UNSIGNED NOT NULL,
  `key` varchar(255) COLLATE utf8mb4_unicode_ci NOT NULL,
  `display_name` varchar(255) COLLATE utf8mb4_unicode_ci NOT NULL,
  `value` text COLLATE utf8mb4_unicode_ci,
  `details` text COLLATE utf8mb4_unicode_ci,
  `type` varchar(255) COLLATE utf8mb4_unicode_ci NOT NULL,
  `order` int(11) NOT NULL DEFAULT '1',
  `group` varchar(255) COLLATE utf8mb4_unicode_ci DEFAULT NULL
) ENGINE=InnoDB DEFAULT CHARSET=utf8mb4 COLLATE=utf8mb4_unicode_ci;

--
-- Dumping data for table `settings`
--

INSERT INTO `settings` (`id`, `key`, `display_name`, `value`, `details`, `type`, `order`, `group`) VALUES
(1, 'site.title', 'Site Title', 'Tourism', '', 'text', 4, 'Site'),
(3, 'site.logo', 'Site Logo', 'settings\\June2021\\R8Nnh5saftvkUPJAwgDt.png', '', 'image', 1, 'Site'),
(4, 'site.google_analytics_tracking_id', 'Google Analytics Tracking ID', NULL, '', 'text', 9, 'Site'),
(5, 'admin.bg_image', 'Admin Background Image', 'settings\\June2021\\I39j33l46nLcRaZyMcCh.jpg', '', 'image', 5, 'Admin'),
(6, 'admin.title', 'Admin Title', 'Tourism', '', 'text', 1, 'Admin'),
(7, 'admin.description', 'Admin Description', 'Welcome to Voyager. The Missing Admin for Laravel', '', 'text', 2, 'Admin'),
(8, 'admin.loader', 'Admin Loader', 'settings\\June2021\\cSRFAq1SvqlwOL36aieR.png', '', 'image', 3, 'Admin'),
(9, 'admin.icon_image', 'Admin Icon Image', 'settings\\June2021\\BqHqNf71il3y4kUFAvvv.png', '', 'image', 4, 'Admin'),
(10, 'admin.google_analytics_client_id', 'Google Analytics Client ID (used for admin dashboard)', NULL, '', 'text', 1, 'Admin'),
(12, 'site.description', 'Site Description', 'Lorem ipsum dolor sit amet, consectetur adipiscing elit. Nulla ut tortor sollicitudin, lobortis quam a, semper ante. Sed a lacinia metus. Nullam iaculis sed massa in feugiat. Mauris vitae est vitae odio dictum convallis eu ac justo. Cras sit amet dolor nulla. Cras nec mauris cursus', NULL, 'text_area', 8, 'Site'),
(14, 'site.footer_logo', 'Site Footer Logo', 'settings\\June2021\\0L52ZwMeis7ExCoZL8Bs.png', NULL, 'image', 7, 'Site');

-- --------------------------------------------------------

--
-- Table structure for table `tourist_attractions`
--

CREATE TABLE `tourist_attractions` (
  `id` int(10) UNSIGNED NOT NULL,
  `name` varchar(255) COLLATE utf8mb4_unicode_ci DEFAULT NULL,
  `body` text COLLATE utf8mb4_unicode_ci,
  `cover_image` varchar(255) COLLATE utf8mb4_unicode_ci DEFAULT NULL,
  `location` text COLLATE utf8mb4_unicode_ci,
  `created_at` timestamp NULL DEFAULT NULL,
  `updated_at` timestamp NULL DEFAULT NULL,
  `category_id` int(10) UNSIGNED DEFAULT NULL,
  `province_id` int(10) UNSIGNED DEFAULT NULL,
  `gallery_images` json DEFAULT NULL,
  `panorama_image` varchar(255) COLLATE utf8mb4_unicode_ci DEFAULT NULL
) ENGINE=InnoDB DEFAULT CHARSET=utf8mb4 COLLATE=utf8mb4_unicode_ci;

--
-- Dumping data for table `tourist_attractions`
--

INSERT INTO `tourist_attractions` (`id`, `name`, `body`, `cover_image`, `location`, `created_at`, `updated_at`, `category_id`, `province_id`, `gallery_images`, `panorama_image`) VALUES
(82, 'มัสยิดกลางจังหวัดปัตตานี', '<h2 class=\"MsoNormal\"><strong><span lang=\"TH\" style=\"font-size: 16.0pt; line-height: 107%; font-family: \'Angsana New\',serif; mso-ascii-font-family: Calibri; mso-ascii-theme-font: minor-latin; mso-hansi-font-family: Calibri; mso-hansi-theme-font: minor-latin; mso-bidi-language: TH;\">มัสยิดกลางจังหวัดปัตตานี</span></strong></h2>\r\n<h2 class=\"MsoNormal\"><span lang=\"TH\" style=\"font-size: 16.0pt; line-height: 107%; font-family: \'Angsana New\',serif; mso-ascii-font-family: Calibri; mso-ascii-theme-font: minor-latin; mso-hansi-font-family: Calibri; mso-hansi-theme-font: minor-latin; mso-bidi-language: TH;\">มัสยิดกลางจังหวัดปัตตานีก่อสร้างขึ้นในปี พ.ศ. 2497 โดยใช้พื้นที่บริเวณริมถนนหลวงสายปัตตานี-ยะลา ย่านตำบลอาเนาะรู กว้าง 3 ไร่ 55 ตารางวา ตามแนวคิดของรัฐบาลในสมัยนั้นที่ต้องการให้เกิดสันติสุขขึ้นในพื้นที่ห่างไกลที่มักมีความรุนแรงเกิดขึ้น ทั้งจากสภาพความเป็นอยู่ที่ไม่พัฒนาและความแตกต่างทางศาสนา โดยพลตำรวจเอกเผ่า ศรียานนท์ รัฐมนตรีว่าการกระทรวงมหาดไทยเดินทางมาวางศิลาฤกษ์เมื่อวันที่6 กรกฎาคม พ.ศ. 2500 และใช้เวลาก่อสร้างนาน 9 ปี เมื่อแล้วเสร็จจอมพลสฤษดิ์ ธนะรัชต์ นายกรัฐมนตรีได้เดินทางมาทำพิธีเปิดอย่างเป็นทางการเมื่อวันที่ 25 พฤษภาคม 2506 ให้ชื่อว่า &ldquo;มัสยิดกลางจังหวัดปัตตานี&rdquo;[1] และมอบเป็นของขวัญแก่ประชาชนชาวมุสลิมในพื้นที่</span></h2>\r\n<h2 class=\"MsoNormal\"><span lang=\"TH\" style=\"font-size: 16.0pt; line-height: 107%; font-family: \'Angsana New\',serif; mso-ascii-font-family: Calibri; mso-ascii-theme-font: minor-latin; mso-hansi-font-family: Calibri; mso-hansi-theme-font: minor-latin; mso-bidi-language: TH;\">หลังจากนั้นมีการบูรณะซ่อมแซมและต่อเติมเมื่อคราวใช้ต้อนรับเสด็จพระบาทสมเด็จพระเจ้าอยู่หัว พร้อมด้วยสมเด็จพระนางเจ้าฯ พระบรมราชินีนาถเมื่อวันที่ 21 ตุลาคม 2536 ทรงมีพระราชกระแสรับสั่งกับนายสัมพันธ์ ทองสมัคร รัฐมนตรีว่าการกระทรวงศึกษาธิการให้บูรณะปรับปรุงอาคารของมัสยิด กระทรวงศึกษาธิการจึงได้กำหนดให้เป็นโครงการเฉลิมพระเกียรติในวโรกาสที่พระบาทสมเด็จพระเจ้าอยู่หัว ทรงครองศิริราชสมบัติเป็นปีที่ 50 ใน พ.ศ. 2539[2] ส่งผลให้ตัวอาคารขยายและต่อเติมออกทั้ง 2 ข้าง และยังสร้างหออะซานเพิ่มอีก 2 หอ ในเวลาต่อมา</span></h2>\r\n<h2 class=\"MsoNormal\"><span lang=\"TH\" style=\"font-size: 16.0pt; line-height: 107%; font-family: \'Angsana New\',serif; mso-ascii-font-family: Calibri; mso-ascii-theme-font: minor-latin; mso-hansi-font-family: Calibri; mso-hansi-theme-font: minor-latin; mso-bidi-language: TH;\">มัสยิดแห่งนี้ออกแบบโดย นายประสิทธิผล ม่วงเขียว สถาปนิกกรมศาสนา รูปทรงภายนอกของมัสยิดมีต้นแบบมาจากทัชมาฮาล มียอดโดมสีเขียวขนาดใหญ่กลางอาคารคอนกรีตเสริมเหล็กสองชั้น และโดมขนาดเล็กลงไปล้อมรอบ 4 ด้าน ด้านข้างมีหออะซาน 2 หอ และมีสระน้ำเบื้องหน้าส่องสะท้อนแสงเงาของมัสยิดอย่างงดงาม ส่วนภายในสร้างเป็นห้องโถง มีระเบียงอยู่สองข้าง มีมิมบัรทรงสูงและแคบตั้งอยู่[4] มีหินอ่อนประดับประดาอย่างงดงาม ภายหลังการบูรณะ ปัจจุบันตัวอาคารของมัสยิดขยายออกไปทั้ง 2 ข้าง มีหออะซานเพิ่มเป็น 4 หอ และขยายสระน้ำให้กว้างขึ้น</span></h2>\r\n<h2 class=\"MsoNormal\">&nbsp;</h2>\r\n<p class=\"MsoNormal\"><span lang=\"TH\" style=\"font-size: 16.0pt; line-height: 107%; font-family: \'Angsana New\',serif; mso-ascii-font-family: Calibri; mso-ascii-theme-font: minor-latin; mso-hansi-font-family: Calibri; mso-hansi-theme-font: minor-latin; mso-bidi-language: TH;\"><span style=\"font-family: Angsana New, serif;\"><span style=\"font-size: 21.3333px;\">&nbsp; &nbsp;credit: https : wikipedia</span></span></span></p>', 'tourist-attractions\\June2021\\F123sPccJb4QPfqpGIjA.jpg', '<iframe src=\"https://www.google.com/maps/embed?pb=!1m18!1m12!1m3!1d3961.376460263286!2d101.5515290145923!3d6.845393195052907!2m3!1f0!2f0!3f0!3m2!1i1024!2i768!4f13.1!3m3!1m2!1s0x31b3b1bc3341eab5%3A0xb6264f7308e6d66!2sKhae%20Khae%20Beach!5e0!3m2!1sen!2sus!4v1624114929776!5m2!1sen!2sus\" width=\"600\" height=\"450\" style=\"border:0;\" allowfullscreen=\"\" loading=\"lazy\"></iframe>', '2021-04-29 13:44:31', '2021-06-19 09:01:12', 4, 2, '[\"tourist-attractions\\\\June2021\\\\fnsULuTNfxM6od07zJhV.jpg\", \"tourist-attractions\\\\June2021\\\\FKoFXOM7fXCryyyLfVpR.jpg\", \"tourist-attractions\\\\June2021\\\\UEcUZ5fm6dQ5UhFpg9AB.jpg\", \"tourist-attractions\\\\June2021\\\\ixrd8VNzHkowaWASMMFP.jpg\", \"tourist-attractions\\\\June2021\\\\R39ZveIfAYWnru683z3T.jpg\", \"tourist-attractions\\\\June2021\\\\aJLVe1aj2uQ8es6r6zWv.jpg\", \"tourist-attractions\\\\June2021\\\\KTCtUe8dflsXLiOg5a6G.jpg\", \"tourist-attractions\\\\June2021\\\\x1HkDNWDwSnQyvVdkdwU.jpg\", \"tourist-attractions\\\\June2021\\\\TOr84ZdUTm2WDBbmJTU0.jpg\", \"tourist-attractions\\\\June2021\\\\LbwIDF0h8tSqxz4phYnO.jpg\", \"tourist-attractions\\\\June2021\\\\T7F7Z6NrLwsFvmwcRPyk.jpg\", \"tourist-attractions\\\\June2021\\\\0W1sfa0fAQBk5B2KP0UQ.jpg\", \"tourist-attractions\\\\June2021\\\\PMlpb6GsgkMsiJWvRlyv.jpg\", \"tourist-attractions\\\\June2021\\\\9eto5snM24VIVf5SY2r6.jpg\", \"tourist-attractions\\\\June2021\\\\7k1pKJXcZ6T3PKK7bY3N.jpg\"]', 'tourist-attractions\\June2021\\Dsra6r49FaZzsbBvhwrC.jpg'),
(83, 'มัสยิดกรือเซะ', '<h2 class=\"MsoNormal\"><strong><span lang=\"TH\" style=\"font-size: 16.0pt; line-height: 107%; font-family: \'Angsana New\',serif; mso-ascii-font-family: Calibri; mso-ascii-theme-font: minor-latin; mso-hansi-font-family: Calibri; mso-hansi-theme-font: minor-latin; mso-bidi-language: TH;\">มัสยิดกรือเซะ</span></strong></h2>\r\n<h2><span lang=\"TH\" style=\"font-size: 16.0pt; line-height: 107%; font-family: \'Angsana New\',serif; mso-ascii-font-family: Calibri; mso-ascii-theme-font: minor-latin; mso-hansi-font-family: Calibri; mso-hansi-theme-font: minor-latin; mso-bidi-language: TH;\">มัสยิดกรือเซะ </span><span lang=\"TH\" style=\"font-size: 16.0pt; line-height: 107%; font-family: \'Angsana New\',serif; mso-ascii-font-family: Calibri; mso-ascii-theme-font: minor-latin; mso-hansi-font-family: Calibri; mso-hansi-theme-font: minor-latin; mso-bidi-language: TH;\">หรือ มัสยิดสุลต่านมูซัฟฟาร์ชาห์[5] เป็นมัสยิดเก่าแก่อายุกว่า 200 ปีในจังหวัดปัตตานี สันนิษฐานได้ว่าเป็นศาสนสถานที่สร้างขึ้นในพุทธศตวรรษที่ 22 ร่วมสมัยกรุงศรีอยุธยา มีชื่อเรียกอีกอย่างหนึ่งว่า มัสยิดปิตูกรือบัน ชื่อนี้เรียกตามรูปทรงของประตูมัสยิด ซึ่งมีลักษณะเป็นวงโค้งแหลมแบบกอทิกของชาวยุโรป และแบบสถาปัตยกรรมของชาวตะวันออกกลาง (คำว่า ปิตู แปลว่า ประตู กรือบัน แปลว่า ช่องประตูที่มีรูปโค้ง)[6]</span></h2>\r\n<h2 class=\"MsoNormal\"><span lang=\"TH\" style=\"font-size: 16.0pt; line-height: 107%; font-family: \'Angsana New\',serif; mso-ascii-font-family: Calibri; mso-ascii-theme-font: minor-latin; mso-hansi-font-family: Calibri; mso-hansi-theme-font: minor-latin; mso-bidi-language: TH;\">ช่วงเวลาที่มัสยิดกรือเซะถูกสร้างนั้นยังเป็นที่ถกเถียง บ้างว่าสร้างในรัชสมัยสุลต่านมูซัฟฟาร์ชาห์[5][4] บ้างก็ว่าสร้างในรัชสมัยรายาบีรู[7] ส่วนกรณีที่มัสยิดสร้างไม่สำเร็จนั้น ก็มีการยึดโยงกับตำนานเจ้าแม่ลิ้มกอเหนี่ยวซึ่งมีสุสานอยู่ใกล้กับมัสยิดกรือเซะ ที่ถูกเล่าต่อเติมภายหลังว่าเจ้าแม่ได้สาปให้มัสยิดนี้สร้างไม่สำเร็จ จนกลายเป็นปัญหากินแหนงแคลงใจระหว่างชาวไทยเชื้อสายมลายูและชาวไทยเชื้อสายจีนในพื้นที่[8][9] แต่จากการสำรวจและบูรณะของกรมศิลปากร พบว่าโครงสร้างโดมนั้นมีลักษณะไม่แข็งแรงและขาดความสมดุลจึงทำให้พังทลาย ทั้งยังไม่พบร่องรอยถูกเผาหรือถูกฟ้าผ่าตามตำนานที่กล่าวอ้างแต่อย่างใด เพราะหลังราชวงศ์กลันตันปกครองปัตตานีถัดจากราชวงศ์ศรีวังสา ได้ย้ายศูนย์กลางเมืองไปยังบานาและจะบังติกอตามลำดับ มัสยิดกรือเซะจึงถูกทิ้งให้โรยราไป</span></h2>\r\n<h4>เครดิตจาก :&nbsp;<span style=\"color: #202122; font-family: sans-serif; font-size: 12.88px;\">วิกิพีเดีย สารานุกรมเสรี</span></h4>', 'tourist-attractions\\June2021\\UYquCgoE4XXgBAHXZcpP.jpg', '<iframe src=\"https://www.google.com/maps/embed?pb=!1m18!1m12!1m3!1d3961.1468519145587!2d101.30073241459243!3d6.873001795033357!2m3!1f0!2f0!3f0!3m2!1i1024!2i768!4f13.1!3m3!1m2!1s0x31b300d4a5bfe60b%3A0x2349727370f4ceb0!2sMasjid%20Kerisik%20(Krue%20Se%20Mosque)!5e0!3m2!1sen!2sus!4v1624115001394!5m2!1sen!2sus\" width=\"600\" height=\"450\" style=\"border:0;\" allowfullscreen=\"\" loading=\"lazy\"></iframe>', '2021-04-29 13:44:31', '2021-06-19 09:10:12', 5, 2, '[\"tourist-attractions\\\\June2021\\\\8YmCRKisSsIf0HGz3wKv.jpg\", \"tourist-attractions\\\\June2021\\\\uFTi5zU9kY5PsxuYMHCi.jpg\", \"tourist-attractions\\\\June2021\\\\TzdHROdX8oJXgtz9jgHK.jpg\", \"tourist-attractions\\\\June2021\\\\R3ihSMtH6Qo8TelxW0Ub.jpg\", \"tourist-attractions\\\\June2021\\\\uikNRaOEE57pzjLcP4pn.jpg\", \"tourist-attractions\\\\June2021\\\\APZfYAm9drkCNI5q8zx5.jpg\", \"tourist-attractions\\\\June2021\\\\QWoPyLSnYD2QZwO0k4kS.jpg\", \"tourist-attractions\\\\June2021\\\\LOlwv5pKzcE8hQLsxEWU.jpg\", \"tourist-attractions\\\\June2021\\\\HwzHqboC9DY5YlVNMbeU.jpg\"]', 'tourist-attractions\\June2021\\0T7pHUKODOk3yuSUakpY.jpg'),
(84, 'หาดแฆแฆ', '<p class=\"MsoNormal\"><strong><span lang=\"TH\" style=\"font-size: 16.0pt; line-height: 107%; font-family: \'Angsana New\',serif; mso-ascii-font-family: Calibri; mso-ascii-theme-font: minor-latin; mso-hansi-font-family: Calibri; mso-hansi-theme-font: minor-latin; mso-bidi-language: TH;\"><span style=\"mso-spacerun: yes;\">&nbsp;</span>หาดแฆแฆ</span></strong></p>\r\n<p class=\"MsoNormal\"><span lang=\"TH\" style=\"font-size: 16.0pt; line-height: 107%; font-family: \'Angsana New\',serif; mso-ascii-font-family: Calibri; mso-ascii-theme-font: minor-latin; mso-hansi-font-family: Calibri; mso-hansi-theme-font: minor-latin; mso-bidi-language: TH;\">ที่ตั้ง หมู่ที่ 4 ตำบลบ้านน้ำบ่อ อ.ปะนาเระ จ.ปัตตานี</span></p>\r\n<p class=\"MsoNormal\"><span lang=\"TH\" style=\"font-size: 16.0pt; line-height: 107%; font-family: \'Angsana New\',serif; mso-ascii-font-family: Calibri; mso-ascii-theme-font: minor-latin; mso-hansi-font-family: Calibri; mso-hansi-theme-font: minor-latin; mso-bidi-language: TH;\">จุดเด่น ชายหาดซึ่งมีความสวยงามและน่าเที่ยวที่สุดแห่งหนึ่งของปัตตานี ชายหาดโค้งเว้ามีความยาวเป็นระยะทางไกล ทรายมีสีทองละเอียดตัดกับน้ำทะเลสีครามในวันฟ้าใส นอกจากนั้นยังมีโขดหินขนาดใหญ่รูปร่างแปลกตาจำนวนมากที่เกิดขึ้นเอง จึงมีลักษณะคล้ายสวนหินธรรมชาติ ได้รับความนิยมจากนักท่องเที่ยวท้องถิ่น และต่างถิ่นแวะเวียนมาพักผ่อนเล่นน้ำกันอยู่เสมอ บริเวณชายหาดได้จัดทำเป็นซุ้มศาลาพักร้อน คำว่า &ldquo;แฆแฆ&rdquo; เป็นภาษามลายู แปลว่า &ldquo;อึกทึกครึกโครม&rdquo;</span></p>\r\n<p class=\"MsoNormal\"><span lang=\"TH\" style=\"font-size: 16.0pt; line-height: 107%; font-family: \'Angsana New\',serif; mso-ascii-font-family: Calibri; mso-ascii-theme-font: minor-latin; mso-hansi-font-family: Calibri; mso-hansi-theme-font: minor-latin; mso-bidi-language: TH;\">สถานที่พักแรม บริเวณหาดยังไม่ได้รับการปรับปรุงเป็นจุดแค้มปิ้ง อีกทั้งสามารถเดินทางพักผ่อนได้แบบไปกลับในวันเดียว</span></p>\r\n<p class=\"MsoNormal\"><span lang=\"TH\" style=\"font-size: 16.0pt; line-height: 107%; font-family: \'Angsana New\',serif; mso-ascii-font-family: Calibri; mso-ascii-theme-font: minor-latin; mso-hansi-font-family: Calibri; mso-hansi-theme-font: minor-latin; mso-bidi-language: TH;\">การเดินทาง จากตัวเมืองปัตตานีใช้เส้นทางหลวงสาย 42 แล้วแยกเข้าเส้นทางหลวงหมายเลข 4075 จนถึงสามแยกแล้วเลี้ยวซ้ายสู่ทางหลวงหมายเลข 4061 จากนั้นใช้เส้นทางหลวงหมายเลข 4157 ซึ่งเป็นถนนเลียบชายหาดเป็นระยะทางยาวสวยงามมาก เมื่อถึงกม.ที่ 7-8 เลี้ยวซ้ายเข้าไปอีกราว 500 เมตร ถึงชายหาดแฆแฆ ห่างจากตัวเมืองปัตตานีราว 43 กม. หรือจากอำเภอปะนาเระจะมีเส้นทางเลียบหาดยาวไปจนถึงหาดแฆแฆ สภาพเส้นทางสะดวกสบาย</span></p>\r\n<p class=\"MsoNormal\"><span lang=\"TH\" style=\"font-size: 16.0pt; line-height: 107%; font-family: \'Angsana New\',serif; mso-ascii-font-family: Calibri; mso-ascii-theme-font: minor-latin; mso-hansi-font-family: Calibri; mso-hansi-theme-font: minor-latin; mso-bidi-language: TH;\">เครดิตจาก </span><span style=\"font-size: 16.0pt; line-height: 107%; font-family: \'Angsana New\',serif;\">: www.pattani.go.th</span></p>', 'tourist-attractions\\June2021\\Ipf1PZg2SQDJ7ZnMhikn.jpg', '<iframe src=\"https://www.google.com/maps/embed?pb=!1m18!1m12!1m3!1d3961.376460263286!2d101.5515290145923!3d6.845393195052907!2m3!1f0!2f0!3f0!3m2!1i1024!2i768!4f13.1!3m3!1m2!1s0x31b3b1bc3341eab5%3A0xb6264f7308e6d66!2sKhae%20Khae%20Beach!5e0!3m2!1sen!2sus!4v1624115223645!5m2!1sen!2sus\" width=\"600\" height=\"450\" style=\"border:0;\" allowfullscreen=\"\" loading=\"lazy\"></iframe>', '2021-04-29 13:44:31', '2021-06-19 09:20:01', 3, 2, '[\"tourist-attractions\\\\June2021\\\\M2CYvZnyBvBdVf0FItN2.jpg\", \"tourist-attractions\\\\June2021\\\\CPvHMhJUzGgdXVFw5GJB.jpg\", \"tourist-attractions\\\\June2021\\\\YGCl6LA5MY13aWnUhYoB.jpg\", \"tourist-attractions\\\\June2021\\\\AUm6kcIa9jRSzSwk5EMa.jpg\", \"tourist-attractions\\\\June2021\\\\5CwxMdcohqUuhnCCUz0e.jpg\", \"tourist-attractions\\\\June2021\\\\n9t11iVPEVaNHSbkxyau.jpg\", \"tourist-attractions\\\\June2021\\\\xw4u7p4AuMjNpQdCYhpG.jpg\", \"tourist-attractions\\\\June2021\\\\yP8z9NWLdaWbztdsXigQ.jpg\", \"tourist-attractions\\\\June2021\\\\WGWZlFFFLqthk3FDcegC.jpg\", \"tourist-attractions\\\\June2021\\\\zCm8Yv4qr7azf0ZU2Y4N.jpg\", \"tourist-attractions\\\\June2021\\\\9C9BpwF8Z1MzuiIiNNjE.jpg\", \"tourist-attractions\\\\June2021\\\\bJgHauktoEyQdD4B25St.jpg\"]', 'tourist-attractions\\June2021\\4lVRXwqPxd5OWzievnug.jpg'),
(85, 'สกายวอล์คปัตตานี', '<p class=\"MsoNormal\"><strong><span lang=\"TH\" style=\"font-size: 16.0pt; line-height: 107%; font-family: \'Angsana New\',serif; color: #4b4b4b; background: white; mso-bidi-language: TH;\">สกายลวอล์ค ปัตตานี </span></strong></p>\r\n<p class=\"MsoNormal\"><span lang=\"TH\" style=\"font-size: 16.0pt; line-height: 107%; font-family: \'Angsana New\',serif; color: #4b4b4b; background: white; mso-bidi-language: TH;\">ตั้งอยู่ภายใต้ สวมสมเด็จเจ้าฟ้ากัลยาณิวัฒนากรมหลวงนราธิวาสราชนครินทร์ (สวนแม่&ndash;สวนลูก) ตำบลรูสะมิแล อำเภอเมืองปัตตานี จังหวัดปัตตานี ที่นี่ออกแบบให้เป็นแหล่งท่องเที่ยวแนวแอดเวนเจอร์ เหนือไม้ป่าชายเลนด้านล่าง สร้างจากโครงเหล็กขนาดใหญ่ สูง </span><span style=\"font-size: 16.0pt; line-height: 107%; font-family: \'Angsana New\',serif; color: #4b4b4b; background: white;\">12 </span><span lang=\"TH\" style=\"font-size: 16.0pt; line-height: 107%; font-family: \'Angsana New\',serif; color: #4b4b4b; background: white; mso-bidi-language: TH;\">เมตร ทางเดินจะเป็นตาข่ายเหล็กที่สามารถมองทะลุไปจนถึงพื้นดินได้ ยาว </span><span style=\"font-size: 16.0pt; line-height: 107%; font-family: \'Angsana New\',serif; color: #4b4b4b; background: white;\">400 </span><span lang=\"TH\" style=\"font-size: 16.0pt; line-height: 107%; font-family: \'Angsana New\',serif; color: #4b4b4b; background: white; mso-bidi-language: TH;\">เมตร และมีจุดนั่งพักชมวิวมากกว่า </span><span style=\"font-size: 16.0pt; line-height: 107%; font-family: \'Angsana New\',serif; color: #4b4b4b; background: white;\">5 </span><span lang=\"TH\" style=\"font-size: 16.0pt; line-height: 107%; font-family: \'Angsana New\',serif; color: #4b4b4b; background: white; mso-bidi-language: TH;\">จุด เลยค่ะ</span></p>\r\n<p class=\"MsoNormal\"><span lang=\"TH\" style=\"font-size: 16.0pt; line-height: 107%; font-family: \'Angsana New\',serif; color: #4b4b4b; background: white; mso-bidi-language: TH;\">แม้ว่าจะมีขาสั่นๆ กันบ้าง แต่วิวทิวทัศน์ด้านบนก็สวยงามมาก บรรยากาศดีรับลมสุดๆ ไปเลยค่ะ สามารถมองวิวได้แบบไกลสุดลูกหูลูกตาเลย มองออกไปด้านตะวันตกก็จะเห็นทะเลอ่าวไทย บริเวณของปากอ่าวปัตตานี และแหลมตาชี ส่วนฝั่งตะวันออกจะเห็นวิวของ เขาทรายขาว หรือ เขารังเกียบ และบริเวณของผืนป่าชายเลน แบบ </span><span style=\"font-size: 16.0pt; line-height: 107%; font-family: \'Angsana New\',serif; color: #4b4b4b; background: white;\">360 </span><span lang=\"TH\" style=\"font-size: 16.0pt; line-height: 107%; font-family: \'Angsana New\',serif; color: #4b4b4b; background: white; mso-bidi-language: TH;\">องศาเลยทีเดียวค่ะ</span></p>\r\n<p class=\"MsoNormal\"><span lang=\"TH\" style=\"font-size: 16.0pt; line-height: 107%; font-family: \'Angsana New\',serif; mso-bidi-language: TH;\">ไฮไลท์ของที่นี่ สุดอลังการ ก็คงจะหนีไม่พ้น ภาพของพระอาทิตย์ตกที่กำลังลับขอบฟ้า สาดแสงสีทองไปยังผืนน้ำ ทำให้มองแล้วเห็นเป็นประกาย ยิ่งถ้าได้มองจากทางเดินด้านบนแล้วล่ะก็ บอกเลยค่ะว่า เหมือนกับกำลังเสพศิลปะ จากธรรมชาติ ดีๆ นี่เองค่ะ</span></p>\r\n<p class=\"MsoNormal\"><span lang=\"TH\" style=\"font-size: 16.0pt; line-height: 107%; font-family: \'Angsana New\',serif; mso-bidi-language: TH;\"><span style=\"mso-spacerun: yes;\">&nbsp; </span>ในอนาคตอาจจะมีการสร้างกิจกรรมแอดเวนเจอร์เพิ่มเติมในส่วนของ หอกระโดดสูง เชือกปีนป่าย ทางเดินริมน้ำ ด้วยค่ะ ถ้าสร้างเสร็จครบจริงๆ ล่ะก็ น่าจะต้องเป็นอีกแหล่งท่องเที่ยวผจญภัย ที่ห้ามพลาดเลยค่ะ ตอนนี้ใครที่แวะไปเที่ยว ปัตตานี ก็ชมวิวสวยๆ ของธรรมชาติไปพรางก่อน ก็ฟินได้เหมือนกันค่ะ ก่อนจะพบกับที่เที่ยวแอดเวนเจอร์เต็มรูปแบบในเร็วๆ นี้ค่ะ</span></p>\r\n<p class=\"MsoNormal\"><span lang=\"TH\" style=\"font-size: 16.0pt; line-height: 107%; font-family: \'Angsana New\',serif; mso-bidi-language: TH;\">เครดิตจาก</span><span style=\"font-size: 16.0pt; line-height: 107%; font-family: \'Angsana New\',serif; mso-bidi-font-family: Arial; mso-bidi-theme-font: minor-bidi;\"> : nukkpidet</span></p>', 'tourist-attractions\\June2021\\TKDBQ2oxFKMxmJl3K2LY.JPG', '<iframe src=\"https://www.google.com/maps/embed?pb=!1m18!1m12!1m3!1d3960.976662802805!2d101.24064703085794!3d6.89339468556607!2m3!1f0!2f0!3f0!3m2!1i1024!2i768!4f13.1!3m3!1m2!1s0x31b303e7c0c72edb%3A0xb6ff201aa48c4758!2sPattani%20Sky%20Walk!5e0!3m2!1sen!2sus!4v1624115302666!5m2!1sen!2sus\" width=\"600\" height=\"450\" style=\"border:0;\" allowfullscreen=\"\" loading=\"lazy\"></iframe>', '2021-04-29 13:44:31', '2021-06-19 09:34:41', 3, 2, '[\"tourist-attractions\\\\June2021\\\\KTGNsHgQJqdbyeuhjwnJ.jpg\", \"tourist-attractions\\\\June2021\\\\MjD1MfEA5M64efvYzqhH.jpg\", \"tourist-attractions\\\\June2021\\\\g7rA8YmDED1NvBPHClhD.jpg\", \"tourist-attractions\\\\June2021\\\\PDY2sKfcCg2AH7gQNEvh.jpg\", \"tourist-attractions\\\\June2021\\\\8pdH6IDwhI4LH69gI8jK.jpg\", \"tourist-attractions\\\\June2021\\\\596h9TiQz06mMzC0Ezk8.jpg\", \"tourist-attractions\\\\June2021\\\\jbKa7u1cNkYpESvrQ6SV.jpg\", \"tourist-attractions\\\\June2021\\\\FMVymDK03wPU01QmPeSe.jpg\", \"tourist-attractions\\\\June2021\\\\ikxcEdwSUhnHQZiLEjBz.jpg\", \"tourist-attractions\\\\June2021\\\\xvA8XTL0ge5DqJyPAhux.jpg\", \"tourist-attractions\\\\June2021\\\\TXXEb17836xqgCO8j9c1.jpg\", \"tourist-attractions\\\\June2021\\\\y2Q3z5lDOQx2bJuvZUBj.JPG\", \"tourist-attractions\\\\June2021\\\\MXwnPJj1IlYW2oAik9ao.JPG\", \"tourist-attractions\\\\June2021\\\\BYirbUuGyrhlzbXhqGpS.JPG\", \"tourist-attractions\\\\June2021\\\\ptku7sgXbGhzHll8ETd9.JPG\"]', NULL),
(86, 'มัสยิดกลางจังหวัดยะลา', '<h2 class=\"MsoNormal\"><strong><span lang=\"TH\" style=\"font-size: 16.0pt; line-height: 107%; font-family: \'Angsana New\',serif; mso-bidi-language: TH;\">มัสยิดกลางจังหวัดยะลา หรือ มัสยิดเราฏอตุลยันนะห์</span></strong></h2>\r\n<h2 class=\"MsoNormal\"><span lang=\"TH\" style=\"font-size: 16.0pt; line-height: 107%; font-family: \'Angsana New\',serif; mso-bidi-language: TH;\">มัสยิดใหญ่ประจำจังหวัดยะลาที่มีชื่อเรียกอีกชื่อว่า &ldquo;มัสยิดเราฎอตุลยันนะห์&rdquo; นั้น ทุกเช้าวันอาทิตย์คุณจะได้เห็นภาพชาวไทยมุสลิมจากหลายพื้นที่ไม่ว่าใกล้หรือไกล พากันเข้ามาประกอบศาสนกิจ ศึกษาศาสนา เรียนรู้บทบัญญัติต่าง ๆ ที่มุสลิมพึงปฏิบัติภายในมัสยิดที่มีความสง่างาม และกลายเป็นหนึ่งในความภาคภูมิใจของชาวใต้ไปโดยปริยาย</span></h2>\r\n<h2 class=\"MsoNormal\"><span lang=\"TH\" style=\"font-size: 16.0pt; line-height: 107%; font-family: \'Angsana New\',serif; mso-bidi-language: TH;\">ประวัติก่อเกิดมัสยิด</span></h2>\r\n<h2 class=\"MsoNormal\"><span lang=\"TH\" style=\"font-size: 16.0pt; line-height: 107%; font-family: \'Angsana New\',serif; mso-bidi-language: TH;\">หากอยากทำความรู้จักความเป็นมาของมัสยิดแห่งนี้ คงต้องย้อนกลับไปราวปี พ.ศ. 2468 ซึ่งขณะนั้นนายอุสมาน ดอเฮะ ได้ซื้อที่ดินแปลงหนึ่งในเขตตำบลสะเตง อำเภอเมืองยะลา มีเนื้อที่ประมาณ 250 ตารางวา เมื่อซื้อที่ดินแล้ว ก็ได้ลั่นวาจาว่า หากใครจะสร้างมัสยิด ข้าพเจ้าจะยกที่ดินแปลงนี้ให้ ต่อมาเมื่อชายผู้นี้ได้ถึงแก่กรรม จึงมีการก่อสร้างมัสยิดบนพื้นดินของเขา โดยมีหะยีอับดุลฮามิด อับดุลซอมัด เป็นอิหม่ามในสมัยนั้น และตั้งชื่อมัสยิดแห่งนี้ว่า &ldquo;มัสยิดเราฏอตุลยันนะห์&rdquo; ต่อมาใน พ.ศ. 2499 รัฐบาลไทยได้ให้งบประมาณสนับสนุนในการขยายขนาดของตัวอาคารมัสยิดให้จุคนได้ 300 คน และในปี พ.ศ. 2522 รัฐบาลไทยก็สนับสนุนงบอีกประมาณ 28,200,000 บาท เพื่อขยายพื้นที่และสร้างอาคารมัสยิดจนมีรูปลักษณ์สวยงามดังที่เห็นอยู่ในปัจจุบัน</span></h2>\r\n<h2 class=\"MsoNormal\"><span style=\"font-size: 16.0pt; line-height: 107%; font-family: \'Angsana New\',serif; mso-bidi-font-family: Arial; mso-bidi-theme-font: minor-bidi;\">&nbsp;</span><span style=\"font-family: \'Angsana New\', serif; font-size: 16pt;\">ลักษณะสถาปัตยกรรม</span></h2>\r\n<h2 class=\"MsoNormal\"><span lang=\"TH\" style=\"font-size: 16.0pt; line-height: 107%; font-family: \'Angsana New\',serif; mso-bidi-language: TH;\">ตัวอาคารของมัสยิดได้รับการออกแบบโดยสถาปนิกของกระทรวงศึกษาธิการ มีลักษณะเป็นอาคาร 3 ชั้น กว้าง 30 เมตร ยาว 70 เมตร หออาซานสูง 38 เมตร โดยมีลักษณะทางสถาปัตยกรรมแบบตะวันตกที่สอดแทรก เส้นกรอบทรงสุเหร่าไว้อย่างกลมกลืน ด้านหน้ามัสยิดเป็นบันไดกว้าง มีขั้นบันไดประมาณ 30 ขั้น ทอดยาวสู่ลานชั้นบน และลักษณะของหลังคาก็เป็นรูปทรงสี่เหลี่ยม โดยมีโดมขนาดใหญ่วางอยู่ตรงกลาง นอกจากนั้นพื้นที่รอบมัสยิด ยังมีการจำหน่ายสินค้าต่าง ๆ มากมาย ไม่ว่าจะเป็น อาหาร เสื้อผ้า ผักผลไม้ เพชรพลอย น้ำมันแก้โรคต่างๆ เป็นต้น</span></h2>\r\n<h2 class=\"MsoNormal\"><span lang=\"TH\" style=\"font-size: 16.0pt; line-height: 107%; font-family: \'Angsana New\',serif; mso-bidi-language: TH;\">เครดิตจาก</span><span style=\"font-size: 16.0pt; line-height: 107%; font-family: \'Angsana New\',serif; mso-bidi-font-family: Arial; mso-bidi-theme-font: minor-bidi;\"> : Thailand</span> <span style=\"font-size: 16.0pt; line-height: 107%; font-family: \'Angsana New\',serif; mso-bidi-font-family: Arial; mso-bidi-theme-font: minor-bidi;\">tourism</span> <span style=\"font-size: 16.0pt; line-height: 107%; font-family: \'Angsana New\',serif; mso-bidi-font-family: Arial; mso-bidi-theme-font: minor-bidi;\">directory</span></h2>', 'tourist-attractions\\June2021\\mbghuZZI3sbVeYYfVkLp.jpg', '<iframe src=\"https://www.google.com/maps/embed?pb=!1m18!1m12!1m3!1d3963.6459883192038!2d101.29188771432548!3d6.566288695250987!2m3!1f0!2f0!3f0!3m2!1i1024!2i768!4f13.1!3m3!1m2!1s0x31b3744d0b95c9c5%3A0x4dbdb9084dee1cbe!2sYala%20Central%20Mosque!5e0!3m2!1sen!2sus!4v1624115412555!5m2!1sen!2sus\" width=\"600\" height=\"450\" style=\"border:0;\" allowfullscreen=\"\" loading=\"lazy\"></iframe>', '2021-04-29 13:44:31', '2021-06-19 09:47:16', 4, 1, '[\"tourist-attractions\\\\June2021\\\\RjwY4pinOSWNpdkLxbMN.jpg\", \"tourist-attractions\\\\June2021\\\\p1P1atBLjKPc0l76cGth.jpg\", \"tourist-attractions\\\\June2021\\\\gjikRdH5jB8guZd0IouI.jpg\", \"tourist-attractions\\\\June2021\\\\5EOKm6xL9rhtTJ01hauw.jpg\", \"tourist-attractions\\\\June2021\\\\zl8uhhcLl5CSC38yIFnH.jpg\", \"tourist-attractions\\\\June2021\\\\FjZhlvQ6Xu1cVyim43rN.jpg\", \"tourist-attractions\\\\June2021\\\\3ahiIe6p6ClLg89Cu8JD.jpg\", \"tourist-attractions\\\\June2021\\\\2A1IPEyL0ANGo3K7sYz4.jpg\", \"tourist-attractions\\\\June2021\\\\VT36nJXeMCllqiPrPDT5.jpg\", \"tourist-attractions\\\\June2021\\\\IxGDmYFZZsrHFvoXYEYn.jpg\", \"tourist-attractions\\\\June2021\\\\JGoJXUR5pqPF94rZhW2r.jpg\", \"tourist-attractions\\\\June2021\\\\w3OrrLFEDKBCLFiGlBN2.jpg\", \"tourist-attractions\\\\June2021\\\\03iFXfY8SqDM9DV56hXx.jpg\", \"tourist-attractions\\\\June2021\\\\E04MJycvclem2qLbPhPv.jpg\", \"tourist-attractions\\\\June2021\\\\z4eCbpFOtR2c64iMPBJz.jpg\"]', 'tourist-attractions\\June2021\\IA9gA6zEN477DoBqKqmV.jpg'),
(87, 'ลานหมอกเบตง', '<p class=\"MsoNormal\"><strong><span lang=\"TH\" style=\"font-size: 16.0pt; line-height: 107%; font-family: \'Angsana New\',serif; mso-bidi-language: TH;\">ทะเลหมอกส่วนตัวใกล้เมืองเบตง</span></strong></p>\r\n<p class=\"MsoNormal\"><span lang=\"TH\" style=\"font-size: 16.0pt; line-height: 107%; font-family: \'Angsana New\',serif; mso-bidi-language: TH;\">\"ลานหมอกแค้มปิ้ง\" ทุกท่านสามารถสัมผัสบรรยากาศไอหมอกและธรรมชาติอย่างใกล้ชิดและวิวสวยๆได้เต็มตา สามารถมองเห็นครบทั้ง 5 ตำบลของอำเภอเบตง ได้แก่ </span></p>\r\n<p class=\"MsoNormal\"><span lang=\"TH\" style=\"font-size: 16.0pt; line-height: 107%; font-family: \'Angsana New\',serif; mso-bidi-language: TH;\">1. เทศบาลเมืองเบตงทุกท่านจะได้เห็นอาคารบ้านเรือนและตึกโรงแรมต่างๆของเมืองเบตง </span></p>\r\n<p class=\"MsoNormal\"><span lang=\"TH\" style=\"font-size: 16.0pt; line-height: 107%; font-family: \'Angsana New\',serif; mso-bidi-language: TH;\">2.ตำบลยะรม ทุกท่านสามารถมองเครื่องบินขึ้นลงได้อย่างชัดเจน </span></p>\r\n<p class=\"MsoNormal\"><span lang=\"TH\" style=\"font-size: 16.0pt; line-height: 107%; font-family: \'Angsana New\',serif; mso-bidi-language: TH;\">3. ตำบลอัยเยอร์เวงทุกท่านสามารถมองเห็นยอดเขาฆุนุงสิลีปัตได้อย่างชัดเจนและป่าฮาลาบาลา </span></p>\r\n<p class=\"MsoNormal\"><span lang=\"TH\" style=\"font-size: 16.0pt; line-height: 107%; font-family: \'Angsana New\',serif; mso-bidi-language: TH;\">4. ตำบลธารน้ำทิพย์ ทุกท่านจะได้เห็นภูเขาที่อยู่ชายแดนฝั่งธารน้ำทิพย์กับมาเลย์เซีย อีกทั้งยังเห็นยอดเขาไตต๋ง จุดชุมวิวทะเลหมอกของธารน้ำทิพย์</span></p>\r\n<p class=\"MsoNormal\"><span lang=\"TH\" style=\"font-size: 16.0pt; line-height: 107%; font-family: \'Angsana New\',serif; mso-bidi-language: TH;\">5 .ตำบลตาเนาะเเมเราะซึ่งเป็นเขตที่ตั้งของสถานที่พักของเรา อยู่ตรงข้ามอบต.ตาเนาะเมเราะ ทุกท่านสามารถมองเห็นอาคารของอบต.ได้อย่างชัดเจนและใกล้สถานที่ท่องเที่ยวสำคัญๆของตาเนาะแมเราะไม่ว่าจะเป็นบ่อน้ำร้อน อุโมงค์ สวนดอกไม้ </span></p>\r\n<p class=\"MsoNormal\"><span lang=\"TH\" style=\"font-size: 16.0pt; line-height: 107%; font-family: \'Angsana New\',serif; mso-bidi-language: TH;\">สุดท้ายทุกท่านสามารถมองเห็นไปยังประเทศเพื่อนบ้านอย่างมาเลย์เซีย โดยเฉพาะชุมชนและยอดเขานมสาวที่คนเบตงและคนกริ(มาเลย์เซีย)จะรู้จักดี<span style=\"mso-spacerun: yes;\">&nbsp;&nbsp; </span>ลานหมอกแค้มปิ้งเหมาะมากสำหรับมาพักผ่อนสบายๆกับครอบครัวและเพื่อนๆ</span></p>', 'tourist-attractions\\June2021\\sMtFjo43ZXHoJPHetZ08.jpg', '<iframe src=\"https://www.google.com/maps/embed?pb=!1m18!1m12!1m3!1d3969.1815981514733!2d101.09059601432115!3d5.83000329577563!2m3!1f0!2f0!3f0!3m2!1i1024!2i768!4f13.1!3m3!1m2!1s0x31b4e986e302537b%3A0x24cd6fd40b935f10!2sLarnmork%20Camping%20%40Betong!5e0!3m2!1sen!2sus!4v1624115664198!5m2!1sen!2sus\" width=\"600\" height=\"450\" style=\"border:0;\" allowfullscreen=\"\" loading=\"lazy\"></iframe>', '2021-04-29 13:44:31', '2021-06-19 10:06:51', 3, 1, '[\"tourist-attractions\\\\June2021\\\\hvpAHOpMLBXxBPL6OHGi.jpg\", \"tourist-attractions\\\\June2021\\\\cSCSDLx2OkJgHoDS60dT.jpg\", \"tourist-attractions\\\\June2021\\\\cB1oqA3KZ7YApUVvOmVr.jpg\", \"tourist-attractions\\\\June2021\\\\GCyjhrk8iypzQ5x9HqnY.jpg\", \"tourist-attractions\\\\June2021\\\\Qegdwu8bI9fVQVIEviIZ.jpg\", \"tourist-attractions\\\\June2021\\\\FnIcGzoPkEIZVVJyBZB4.jpg\", \"tourist-attractions\\\\June2021\\\\vGUbdE6mxq0utPAcgagD.jpg\", \"tourist-attractions\\\\June2021\\\\hd5FqNzp3k941DgaRjST.jpg\", \"tourist-attractions\\\\June2021\\\\DhldGFEu2Pn2vrLSFnc6.jpg\", \"tourist-attractions\\\\June2021\\\\BaXzzqD8zb8AezZjjShu.jpg\", \"tourist-attractions\\\\June2021\\\\WjwCTLdzKIpAoffdOC2v.jpg\", \"tourist-attractions\\\\June2021\\\\ic1HVFYMCfYG9oCp75Qh.jpg\", \"tourist-attractions\\\\June2021\\\\AIqcADKuTzAGIlakdkrL.jpg\", \"tourist-attractions\\\\June2021\\\\M8CkxuBKXYLxQJIa2Wgs.jpg\", \"tourist-attractions\\\\June2021\\\\jnJXKZeFPhsOhnDksfy6.jpg\", \"tourist-attractions\\\\June2021\\\\YXnS2rZUkL8LzdSqomGq.jpg\"]', 'tourist-attractions\\June2021\\fO1FxOoq8JVPqweOJqLT.jpg'),
(88, 'ตู้ไปรษณีย์เบตง', '<p class=\"MsoNormal\"><strong><span lang=\"TH\" style=\"font-size: 16.0pt; line-height: 107%; font-family: \'Angsana New\',serif; mso-bidi-language: TH;\">ตู้ไปรษณีย์ที่ใหญ่ที่สุดในโลก</span></strong></p>\r\n<p class=\"MsoNormal\"><span lang=\"TH\" style=\"font-size: 16.0pt; line-height: 107%; font-family: \'Angsana New\',serif; mso-bidi-language: TH;\">ตู้ไปรษณีย์ อาจเป็นสิ่งที่คุ้นตา กับชาวไทยเรา แล้วตู้ไปรษณีย์ที่มีขนาดความสูงกว่า 3 เมตร และมีเส้นรอบวงเกือบครึ่งเมตร</span></p>\r\n<p class=\"MsoNormal\"><span lang=\"TH\" style=\"font-size: 16.0pt; line-height: 107%; font-family: \'Angsana New\',serif; mso-bidi-language: TH;\">ตู้ไปรษณีย์แห่งนี้ ตั้งอยู่ ณ มุมถนนสุขยางค์ บริเวณสี่แยกหอนาฬิกาตั้งแต่ปี 2467 เป็นคอนกรีตเสริมเหล็กมีเส้นรอบวงของตัวตู้ประมาณ 140 ซม. ตู้มีความสูงถึง 290 ซม. นับจากฐานขึ้นไป รวมความสูงทั้งหมดประมาณ 320 ซม. อายุร่วม 80 ปี ในอดีตการเดินทางและการติดต่อสื่อสารระหว่างอำเภอเบตงกับอำเภออื่น ๆ เป็นไปด้วยความยากลำบาก การติดต่อสื่อสารด้วยจดหมาย จึงสะดวกที่สุด โดยนายสงวน จิระจินดา นายกเทศมนตรีอำเภอเบตงในขณะนั้นเคยเป็นนายไปรษณีย์มาก่อน จึงได้จัดสร้างตู้ไปรษณีย์นี้ไว้ เพื่อเป็นสัญลักษณ์การติดต่อสื่อสารของอำเภอเบตง และยังได้ติดตั้งวิทยุกระจายเสียงไว้ในส่วนบนของตู้ เพื่อให้ประชาชนได้รับฟังข่าวสารจากทางราชการด้วยและปัจจุบันตู้ไปรษณีย์ใบนี้ ก็ยังใช้งานอยู่พร้อมบริการรับจดหมายเหมือนตู้ไปรษณีย์ทั่ว ๆ ไป และเพื่อความเป็นที่หนึ่งเพื่อสื่อถึงสัญลักษณ์แห่งการสื่อสารของอำเภอเบตง เทศบาลเมืองเบตงจึงได้จำลองตู้ไปรษณีย์ขนาดใหญ่กว่าเดิมถึง 3.5 เท่า ตั้งอยู่ในบริเวณสวนมหาดไทย ศาลาประชาคม</span></p>\r\n<p class=\"MsoNormal\"><span lang=\"TH\" style=\"font-size: 16.0pt; line-height: 107%; font-family: \'Angsana New\',serif; mso-bidi-language: TH;\">นอกจากนี้บริเวณตู้ไปรษณีย์ที่ใหญ่ที่สุดในโลกยังติดกับวงเวียนหอนาฬิกา ซึ่งตั้งตะหง่านอยู่กลางเมือง ซึ่งหอนาฬิกาเมืองเบตง สร้างด้วยหินอ่อนจากจังหวัดยะลา เสน่ห์ที่คู่หอนาฬิกาคือ นกนางแอ่นนับพันตัวที่เกาะสายไฟบริเวณหอนาฬิกา ซึ่งมีจำนวนมากช่วงเดือนกันยายนถึงมีนาคม เพราะนกนางแอ่นเหล่านี้บินหนีความหนาวเย็นมาจากไซบีเรีย เพื่อมาอิงแอบพักอาศัยที่เมืองเบตง<span style=\"mso-spacerun: yes;\">&nbsp; </span><span style=\"mso-spacerun: yes;\">&nbsp;</span>แม้จะดูแปลกตาและ มหัศจรรย์แต่ก็มีความน่ารัก และเป็นความพิเศษอีกรูปแบบหนึ่งของเมืองเบตงที่ไม่ควรพลาดอย่างยิ่ง มีเรื่องเล่าว่าหากท่านโดนมูลของนกนางแอ่นตกใส่ในบริเวณนี้เข้า ท่านจะต้องได้กลับมาเยือนเมืองเบตงอีกแน่นอน</span></p>\r\n<p class=\"MsoNormal\"><span lang=\"TH\" style=\"font-size: 16.0pt; line-height: 107%; font-family: \'Angsana New\',serif; mso-bidi-language: TH;\">เครดิตจาก </span><span style=\"font-size: 16.0pt; line-height: 107%; font-family: \'Angsana New\',serif; mso-bidi-font-family: Arial; mso-bidi-theme-font: minor-bidi;\">: betongcity.go.th</span></p>', 'tourist-attractions\\June2021\\ckMBwDDM4Tn7Q4gdQR5O.jpg', '<iframe src=\"https://www.google.com/maps/embed?pb=!1m18!1m12!1m3!1d3969.553664063258!2d101.0710319143209!3d5.777163795813436!2m3!1f0!2f0!3f0!3m2!1i1024!2i768!4f13.1!3m3!1m2!1s0x31b4e53f18c554f3%3A0xb0aca492db54aeb9!2sThe%20biggest%20post%20box%20in%20the%20world%20%40Betong!5e0!3m2!1sen!2sus!4v1624115956054!5m2!1sen!2sus\" width=\"600\" height=\"450\" style=\"border:0;\" allowfullscreen=\"\" loading=\"lazy\"></iframe>', '2021-04-29 13:44:31', '2021-06-19 10:17:07', 5, 1, '[\"tourist-attractions\\\\June2021\\\\3OYKVfMMX6XAcIeRuSIv.jpg\", \"tourist-attractions\\\\June2021\\\\EvDkqcYizuAR9jkVy4cp.jpg\", \"tourist-attractions\\\\June2021\\\\YQrPZWlI7t014z2QShJO.jpg\", \"tourist-attractions\\\\June2021\\\\pqwfApbSbvRCNzyvjNg7.jpg\", \"tourist-attractions\\\\June2021\\\\bFEa0s7gpuiYDBAF4amC.jpg\", \"tourist-attractions\\\\June2021\\\\VxF1wvNYeJnZwqTrmtJk.jpg\", \"tourist-attractions\\\\June2021\\\\RllcwTfKpqKPxY6nb3ku.jpg\", \"tourist-attractions\\\\June2021\\\\mHJSdPe1eTHNzwDOHgv3.jpg\", \"tourist-attractions\\\\June2021\\\\llY5oqQN1BaerkUfR1df.jpg\", \"tourist-attractions\\\\June2021\\\\JFDBdSR51WvfXI6En29J.jpg\", \"tourist-attractions\\\\June2021\\\\NssiRcYtglWFD2RPG6Sk.jpg\", \"tourist-attractions\\\\June2021\\\\p9tYqRxodL9cu5XcvTMz.jpg\"]', 'tourist-attractions\\June2021\\QePh8ZCgcGe2gBBIHOHY.jpg'),
(89, 'สวนขวญเมืองยะลา', '<p class=\"MsoNormal\"><strong><span lang=\"TH\" style=\"font-size: 16.0pt; line-height: 107%; font-family: \'Angsana New\',serif; mso-bidi-language: TH;\">สวนขวัญเมือง เมืองยะลา</span></strong></p>\r\n<p class=\"MsoNormal\"><span lang=\"TH\" style=\"font-size: 16.0pt; line-height: 107%; font-family: \'Angsana New\',serif; mso-bidi-language: TH;\">ห่างจากศาลหลักเมืองยะลาประมาณ 300 เมตร จัดให้เป็นสนามกีฬาและสถานที่พักผ่อนหย่อนใจของชาวเมือง จุดเด่นอยู่ที่สระน้ำใหญ่เนื้อที่ 69 ไร่</span></p>\r\n<p class=\"MsoNormal\"><span lang=\"TH\" style=\"font-size: 16.0pt; line-height: 107%; font-family: \'Angsana New\',serif; mso-bidi-language: TH;\">เดินเล่นท่ามกลางความร่มรื่นที่แสนรื่นรมย์ของสวนขวัญเมือง พรุบาโกย อันเป็นสวนสาธารณะของเทศบาลเมืองยะลา ที่มีขนาดใหญ่ด้วยพื้นที่มากถึง 207 ไร่ สวนสวยแห่งนี้สร้างขึ้นในสมัยที่พลเอก เปรม ติณสูลานนท์ ดำรงตำแหน่งนายกรัฐมนตรี ซึ่งท่านได้เดินทางมาทำพิธีเปิดป้ายชื่อ \"สวนขวัญเมือง\" เมื่อวันที่ 21 กรกฎาคม พ.ศ. 2529 โดยแต่เดิมนั้นบริเวณดังกล่าวคือพื้นที่พรุบาโกยที่ไม่ได้ถูกนำมาใช้ประโยชน์อะไร จากนั้นได้มีการปรับปรุงให้เป็นสวนกีฬาและสถานที่พักผ่อนหย่อนใจของชาวยะลา โดยสร้างสระน้ำขนาดใหญ่ที่มีเนื้อที่กว่า 69 ไร่ขึ้นมา แล้วตกแต่งบรรยากาศรอบสระให้ดูคล้ายชายทะเลด้วยหาดทรายและทิวสนจำลอง เพราะยะลาเป็นจังหวัด ที่ไม่มีพื้นที่ติดต่อกับชายทะเล ทางเทศบาลนครยะลาจึงผุดไอเดียนี้ขึ้นมาเพื่อให้ชาวเมืองยะลาได้เข้ามาสัมผัส บรรยากาศชายทะเลจำลอง ณ สวนแห่งนี้แทน นอกจากนี้สวนขวัญเมืองยังเป็นสถานที่ที่ใช้จัดกิจกรรมการแข่งขันนกเขาชวาเสียงอีกด้วย ส่วนใครที่ชอบปั่นจักรยาน อย่าลืมแวะมาปั่นชมทิวทัศน์ของสวนนี้ โดยเฉพาะยามเย็นนั้นบรรยากาศดีอย่าบอกใครเลยทีเดียว ที่ตั้ง : ตั้งอยู่ในเขตเทศบาล 1 ในเขตเทศบาลเมืองยะลา ห่างจากศาลเจ้าพ่อหลักเมืองยะลาเพียงประมาณ 300 เมตร เปิดทุกวัน เวลา 08.30-17.00 น.</span></p>\r\n<p class=\"MsoNormal\"><span lang=\"TH\" style=\"font-size: 16.0pt; line-height: 107%; font-family: \'Angsana New\',serif; mso-bidi-language: TH;\">เครดิตจาก</span><span style=\"font-size: 16.0pt; line-height: 107%; font-family: \'Angsana New\',serif; mso-bidi-font-family: Arial; mso-bidi-theme-font: minor-bidi;\"> : thai.tourismthailand.org</span></p>', 'tourist-attractions\\June2021\\AHrduST42i4WOYjSo6jX.JPG', '<iframe src=\"https://www.google.com/maps/embed?pb=!1m18!1m12!1m3!1d3963.855899032994!2d101.27281326432539!3d6.539875045269779!2m3!1f0!2f0!3f0!3m2!1i1024!2i768!4f13.1!3m3!1m2!1s0x31b3741f5f64df27%3A0xcb19a642f9c50656!2sSuan%20Khwan%20Muang!5e0!3m2!1sen!2sus!4v1624116031139!5m2!1sen!2sus\" width=\"600\" height=\"450\" style=\"border:0;\" allowfullscreen=\"\" loading=\"lazy\"></iframe>', '2021-04-29 13:44:31', '2021-06-19 10:35:10', 4, 1, '[\"tourist-attractions\\\\June2021\\\\HtNhWiFoZJf5k8JozIOI.jpg\", \"tourist-attractions\\\\June2021\\\\0w94CNaMf4KDCyc54PoS.jpg\", \"tourist-attractions\\\\June2021\\\\eWDC6LsKtAkJ04hRygE5.jpg\", \"tourist-attractions\\\\June2021\\\\mU6rovcBjy53tqgtCApr.jpg\", \"tourist-attractions\\\\June2021\\\\0DtsMySrFYsVFYPvUawI.jpg\", \"tourist-attractions\\\\June2021\\\\SThIcujvpGrhWhJPb1yB.jpg\", \"tourist-attractions\\\\June2021\\\\XCCYhG2kBHPs9DeQ6jwz.jpg\", \"tourist-attractions\\\\June2021\\\\XHgNMD9FhhInIRd8b8v6.jpg\", \"tourist-attractions\\\\June2021\\\\M4ZArNXmkyr3pZ9JdPzq.jpg\", \"tourist-attractions\\\\June2021\\\\3HQCYejVKpQE4UqrIvXy.jpg\", \"tourist-attractions\\\\June2021\\\\iYn9LVkrw7gJ3ghuWBgO.jpg\", \"tourist-attractions\\\\June2021\\\\vtEw1beW6UngR82hg1OE.jpg\"]', 'tourist-attractions\\June2021\\nEGhkbh0Xxq3PAQKJDsb.jpg'),
(90, 'อุโมงค์เบตงมงคลฤทธิ์', '<p class=\"MsoNormal\"><strong><span lang=\"TH\" style=\"font-size: 16.0pt; line-height: 107%; font-family: \'Angsana New\',serif; mso-bidi-language: TH;\">อุโมงค์เบตงมงคลฤทธิ์</span></strong></p>\r\n<p class=\"MsoNormal\"><span lang=\"TH\" style=\"font-size: 16.0pt; line-height: 107%; font-family: \'Angsana New\',serif; mso-bidi-language: TH;\">อุโมงค์เบตงมงคลฤทธิ์อุโมงค์รถยนต์ลอดภูเขาแห่งแรกของประเทศไทย</span></p>\r\n<p style=\"margin-top: 0cm; background: white;\"><span lang=\"TH\" style=\"font-size: 16.0pt; font-family: \'Angsana New\',serif; color: black; mso-bidi-language: TH;\">อุโมงค์เบตงมงคลฤทธิ์ ซึ่งตั้งอยู่ ณ บริเวณถนนอมรฤทธิ์</span><span style=\"font-size: 16.0pt; font-family: \'Angsana New\',serif; color: black;\">&nbsp;</span><span lang=\"TH\" style=\"font-size: 16.0pt; font-family: \'Angsana New\',serif; color: black; mso-bidi-language: TH;\">ตัดกับถนนภักดีดำรงผ่านสวนสาธารณะออกสู่ถนน บริเวณหน้าสวนนก เชื่อมต่อกับถนนมงคลประจักษ์ ทะลุไปสู่ชุมชนเมืองใหม่หมู่บ้านแกรนด์วิว และเชื่อมต่อกับถนนอัยเยอร์เบอร์จัง ไปสู่ชุมชนธารน้ำทิพย์อีกทอดหนึ่ง เป็นอุโมงค์รถยนต์ลอดภูเขาแห่งแรกของเมืองไทย ที่ขุดทอดโค้งให้รถวิ่งไป-มาก่อสร้างด้วยคอนกรีตเสริมเหล็ก มีความยาวตลอดอุโมงค์ ประมาณ</span><span style=\"font-size: 16.0pt; font-family: \'Angsana New\',serif; color: black;\">&nbsp;273&nbsp;</span><span lang=\"TH\" style=\"font-size: 16.0pt; font-family: \'Angsana New\',serif; color: black; mso-bidi-language: TH;\">เมตร กว้าง</span><span style=\"font-size: 16.0pt; font-family: \'Angsana New\',serif; color: black;\">&nbsp;9&nbsp;</span><span lang=\"TH\" style=\"font-size: 16.0pt; font-family: \'Angsana New\',serif; color: black; mso-bidi-language: TH;\">เมตร สูง</span><span style=\"font-size: 16.0pt; font-family: \'Angsana New\',serif; color: black;\">&nbsp;7&nbsp;</span><span lang=\"TH\" style=\"font-size: 16.0pt; font-family: \'Angsana New\',serif; color: black; mso-bidi-language: TH;\">เมตร ผิวจราจรคู่ กว้าง</span><span style=\"font-size: 16.0pt; font-family: \'Angsana New\',serif; color: black;\">&nbsp;7</span><span lang=\"TH\" style=\"font-size: 16.0pt; font-family: \'Angsana New\',serif; color: black; mso-bidi-language: TH;\">เมตร ทางเท้าเดินกว้างข้างละ</span><span style=\"font-size: 16.0pt; font-family: \'Angsana New\',serif; color: black;\">&nbsp;1&nbsp;</span><span lang=\"TH\" style=\"font-size: 16.0pt; font-family: \'Angsana New\',serif; color: black; mso-bidi-language: TH;\">เมตร ความเร็วรถสามารถวิ่งได้</span><span style=\"font-size: 16.0pt; font-family: \'Angsana New\',serif; color: black;\">&nbsp;60&nbsp;</span><span lang=\"TH\" style=\"font-size: 16.0pt; font-family: \'Angsana New\',serif; color: black; mso-bidi-language: TH;\">กิโลเมตรต่อชั่วโมง ได้เปิดใช้อย่างเป็นทางการเมื่อวันที่</span><span style=\"font-size: 16.0pt; font-family: \'Angsana New\',serif; color: black;\">&nbsp;1</span><span lang=\"TH\" style=\"font-size: 16.0pt; font-family: \'Angsana New\',serif; color: black; mso-bidi-language: TH;\">มกราคม</span><span style=\"font-size: 16.0pt; font-family: \'Angsana New\',serif; color: black;\">&nbsp;2544</span><span lang=\"TH\" style=\"font-size: 16.0pt; font-family: \'Angsana New\',serif; color: black; mso-bidi-language: TH;\">นอกจากนี้ นักท่องเที่ยวยังสามารถถ่ายรูปกับรูปปั้นไก่เบตงที่อยู่บริเวณใกล้เคียงกับปากอุงโมงค์เบตงมงคลฤทธิ์ ซึ่งไก่เบตงนอกจากจะเป็นอาหารขึ้นชื่อของเมืองเบตงแล้ว ยังเป็นอีกหนึ่งสัญลักษณ์ของอำเภอเบตงอีกด้วย</span></p>\r\n<p style=\"margin-top: 0cm; background: white;\"><span lang=\"TH\" style=\"font-size: 16.0pt; font-family: \'Angsana New\',serif; color: black; mso-bidi-language: TH;\">เครดิตจาก</span><span style=\"font-size: 16.0pt; font-family: \'Angsana New\',serif; mso-bidi-font-family: Arial; mso-bidi-theme-font: minor-bidi; color: black;\"> : betongcity.go.th</span></p>', 'tourist-attractions\\June2021\\swF7iufuOEpmVBO1qymj.jpg', 'http://www.okeefe.com/', '2021-04-29 13:44:31', '2021-06-19 10:45:17', 4, 1, '[\"tourist-attractions\\\\June2021\\\\LbfbgdrbbZfY9jUsT2ym.JPG\", \"tourist-attractions\\\\June2021\\\\cUQ3gm3ExEMVmCPd5nv3.jpg\", \"tourist-attractions\\\\June2021\\\\YhI56FfoYLPpOE1JcIO7.jpg\", \"tourist-attractions\\\\June2021\\\\dfgmXW75rc5QOOtuAaFH.jpg\", \"tourist-attractions\\\\June2021\\\\m5MhgU1ORbnCcmDYQ6mM.jpg\", \"tourist-attractions\\\\June2021\\\\GA2KTaqKfJFT0H5qI0oT.jpg\", \"tourist-attractions\\\\June2021\\\\O5VfBh2yde1gWmPVJQSH.jpg\", \"tourist-attractions\\\\June2021\\\\FYH9mZau0xE1O87EsyvO.jpg\", \"tourist-attractions\\\\June2021\\\\cVdftg6ovZP6ScSemqqx.jpg\", \"tourist-attractions\\\\June2021\\\\E5AiBfz6w3ifhEwh06Rg.jpg\", \"tourist-attractions\\\\June2021\\\\H24W0mjwdwHczzYNJ2xj.jpg\"]', 'tourist-attractions\\June2021\\tehl9VZcJ2H3hFYZs1Up.jpg');

-- --------------------------------------------------------

--
-- Table structure for table `translations`
--

CREATE TABLE `translations` (
  `id` int(10) UNSIGNED NOT NULL,
  `table_name` varchar(255) COLLATE utf8mb4_unicode_ci NOT NULL,
  `column_name` varchar(255) COLLATE utf8mb4_unicode_ci NOT NULL,
  `foreign_key` int(10) UNSIGNED NOT NULL,
  `locale` varchar(255) COLLATE utf8mb4_unicode_ci NOT NULL,
  `value` text COLLATE utf8mb4_unicode_ci NOT NULL,
  `created_at` timestamp NULL DEFAULT NULL,
  `updated_at` timestamp NULL DEFAULT NULL
) ENGINE=InnoDB DEFAULT CHARSET=utf8mb4 COLLATE=utf8mb4_unicode_ci;

--
-- Dumping data for table `translations`
--

INSERT INTO `translations` (`id`, `table_name`, `column_name`, `foreign_key`, `locale`, `value`, `created_at`, `updated_at`) VALUES
(1, 'data_types', 'display_name_singular', 5, 'pt', 'Post', '2021-04-27 20:27:35', '2021-04-27 20:27:35'),
(2, 'data_types', 'display_name_singular', 6, 'pt', 'Página', '2021-04-27 20:27:35', '2021-04-27 20:27:35'),
(3, 'data_types', 'display_name_singular', 1, 'pt', 'Utilizador', '2021-04-27 20:27:35', '2021-04-27 20:27:35'),
(4, 'data_types', 'display_name_singular', 4, 'pt', 'Categoria', '2021-04-27 20:27:35', '2021-04-27 20:27:35'),
(5, 'data_types', 'display_name_singular', 2, 'pt', 'Menu', '2021-04-27 20:27:35', '2021-04-27 20:27:35'),
(6, 'data_types', 'display_name_singular', 3, 'pt', 'Função', '2021-04-27 20:27:35', '2021-04-27 20:27:35'),
(7, 'data_types', 'display_name_plural', 5, 'pt', 'Posts', '2021-04-27 20:27:35', '2021-04-27 20:27:35'),
(8, 'data_types', 'display_name_plural', 6, 'pt', 'Páginas', '2021-04-27 20:27:35', '2021-04-27 20:27:35'),
(9, 'data_types', 'display_name_plural', 1, 'pt', 'Utilizadores', '2021-04-27 20:27:35', '2021-04-27 20:27:35'),
(10, 'data_types', 'display_name_plural', 4, 'pt', 'Categorias', '2021-04-27 20:27:35', '2021-04-27 20:27:35'),
(11, 'data_types', 'display_name_plural', 2, 'pt', 'Menus', '2021-04-27 20:27:35', '2021-04-27 20:27:35'),
(12, 'data_types', 'display_name_plural', 3, 'pt', 'Funções', '2021-04-27 20:27:35', '2021-04-27 20:27:35'),
(13, 'categories', 'slug', 1, 'pt', 'categoria-1', '2021-04-27 20:27:35', '2021-04-27 20:27:35'),
(14, 'categories', 'name', 1, 'pt', 'Categoria 1', '2021-04-27 20:27:35', '2021-04-27 20:27:35'),
(15, 'categories', 'slug', 2, 'pt', 'categoria-2', '2021-04-27 20:27:35', '2021-04-27 20:27:35'),
(16, 'categories', 'name', 2, 'pt', 'Categoria 2', '2021-04-27 20:27:35', '2021-04-27 20:27:35'),
(17, 'pages', 'title', 1, 'pt', 'Olá Mundo', '2021-04-27 20:27:35', '2021-04-27 20:27:35'),
(18, 'pages', 'slug', 1, 'pt', 'ola-mundo', '2021-04-27 20:27:35', '2021-04-27 20:27:35'),
(19, 'pages', 'body', 1, 'pt', '<p>Olá Mundo. Scallywag grog swab Cat o\'nine tails scuttle rigging hardtack cable nipper Yellow Jack. Handsomely spirits knave lad killick landlubber or just lubber deadlights chantey pinnace crack Jennys tea cup. Provost long clothes black spot Yellow Jack bilged on her anchor league lateen sail case shot lee tackle.</p>\r\n<p>Ballast spirits fluke topmast me quarterdeck schooner landlubber or just lubber gabion belaying pin. Pinnace stern galleon starboard warp carouser to go on account dance the hempen jig jolly boat measured fer yer chains. Man-of-war fire in the hole nipperkin handsomely doubloon barkadeer Brethren of the Coast gibbet driver squiffy.</p>', '2021-04-27 20:27:35', '2021-04-27 20:27:35'),
(20, 'menu_items', 'title', 1, 'pt', 'Painel de Controle', '2021-04-27 20:27:35', '2021-04-27 20:27:35'),
(21, 'menu_items', 'title', 2, 'pt', 'Media', '2021-04-27 20:27:35', '2021-04-27 20:27:35'),
(22, 'menu_items', 'title', 12, 'pt', 'Publicações', '2021-04-27 20:27:35', '2021-04-27 20:27:35'),
(23, 'menu_items', 'title', 3, 'pt', 'Utilizadores', '2021-04-27 20:27:35', '2021-04-27 20:27:35'),
(24, 'menu_items', 'title', 11, 'pt', 'Categorias', '2021-04-27 20:27:35', '2021-04-27 20:27:35'),
(25, 'menu_items', 'title', 13, 'pt', 'Páginas', '2021-04-27 20:27:35', '2021-04-27 20:27:35'),
(26, 'menu_items', 'title', 4, 'pt', 'Funções', '2021-04-27 20:27:35', '2021-04-27 20:27:35'),
(27, 'menu_items', 'title', 5, 'pt', 'Ferramentas', '2021-04-27 20:27:35', '2021-04-27 20:27:35'),
(28, 'menu_items', 'title', 6, 'pt', 'Menus', '2021-04-27 20:27:35', '2021-04-27 20:27:35'),
(29, 'menu_items', 'title', 7, 'pt', 'Base de dados', '2021-04-27 20:27:35', '2021-04-27 20:27:35'),
(30, 'menu_items', 'title', 10, 'pt', 'Configurações', '2021-04-27 20:27:35', '2021-04-27 20:27:35');

-- --------------------------------------------------------

--
-- Table structure for table `users`
--

CREATE TABLE `users` (
  `id` bigint(20) UNSIGNED NOT NULL,
  `role_id` bigint(20) UNSIGNED DEFAULT NULL,
  `name` varchar(255) COLLATE utf8mb4_unicode_ci NOT NULL,
  `email` varchar(255) COLLATE utf8mb4_unicode_ci NOT NULL,
  `avatar` varchar(255) COLLATE utf8mb4_unicode_ci DEFAULT 'users/default.png',
  `email_verified_at` timestamp NULL DEFAULT NULL,
  `password` varchar(255) COLLATE utf8mb4_unicode_ci NOT NULL,
  `remember_token` varchar(100) COLLATE utf8mb4_unicode_ci DEFAULT NULL,
  `settings` text COLLATE utf8mb4_unicode_ci,
  `created_at` timestamp NULL DEFAULT NULL,
  `updated_at` timestamp NULL DEFAULT NULL
) ENGINE=InnoDB DEFAULT CHARSET=utf8mb4 COLLATE=utf8mb4_unicode_ci;

--
-- Dumping data for table `users`
--

INSERT INTO `users` (`id`, `role_id`, `name`, `email`, `avatar`, `email_verified_at`, `password`, `remember_token`, `settings`, `created_at`, `updated_at`) VALUES
(1, 1, 'Admin', 'admin@admin.com', 'users/default.png', NULL, '$2y$10$SJ0xN3WmqAdUVCKfhAm7Pu58AE8cT2j9jPQ7/dP3hr/pwx7Y06T0y', '5xUkogamlQPmRoZdwlHlZlgS32xtdiJFRmxQKn7faCiffLGfIzJNEI0U7xVV', '{\"locale\":\"en\"}', '2021-04-27 20:27:35', '2021-06-18 18:24:25'),
(13, 2, 'Adam Cherry', 'xymufo@mailinator.com', 'users/default.png', NULL, '$2y$10$LwT6DWLDxSMBIu/B.KWnhuKvyBOSXuMdbEdQ/YDC83TaoEWbH32.a', NULL, NULL, '2021-06-18 18:13:00', '2021-06-18 18:13:00'),
(14, 2, 'afsoms', 'afsoms4@gmail.com', 'users/default.png', NULL, '$2y$10$zYnMr/19qjaf46lOURNrMulYebv6JBTF.oPCoPLTbvTQurZGogrpy', NULL, NULL, '2021-06-20 01:25:26', '2021-06-20 01:25:26'),
(15, 2, 'aresak', 'aresak2535@gmail.com', 'users/default.png', NULL, '$2y$10$sHTpbZi8Iv0wg68XcU2ZDedfd3NYKd0nX.fgJX9TzJLDaUSw2XkGa', NULL, NULL, '2021-06-20 05:16:56', '2021-06-20 05:16:56');

-- --------------------------------------------------------

--
-- Table structure for table `user_roles`
--

CREATE TABLE `user_roles` (
  `user_id` bigint(20) UNSIGNED NOT NULL,
  `role_id` bigint(20) UNSIGNED NOT NULL
) ENGINE=InnoDB DEFAULT CHARSET=utf8mb4 COLLATE=utf8mb4_unicode_ci;

--
-- Indexes for dumped tables
--

--
-- Indexes for table `categories`
--
ALTER TABLE `categories`
  ADD PRIMARY KEY (`id`),
  ADD UNIQUE KEY `categories_slug_unique` (`slug`);

--
-- Indexes for table `comments`
--
ALTER TABLE `comments`
  ADD PRIMARY KEY (`id`);

--
-- Indexes for table `data_rows`
--
ALTER TABLE `data_rows`
  ADD PRIMARY KEY (`id`),
  ADD KEY `data_rows_data_type_id_foreign` (`data_type_id`);

--
-- Indexes for table `data_types`
--
ALTER TABLE `data_types`
  ADD PRIMARY KEY (`id`),
  ADD UNIQUE KEY `data_types_name_unique` (`name`),
  ADD UNIQUE KEY `data_types_slug_unique` (`slug`);

--
-- Indexes for table `failed_jobs`
--
ALTER TABLE `failed_jobs`
  ADD PRIMARY KEY (`id`);

--
-- Indexes for table `hostels`
--
ALTER TABLE `hostels`
  ADD PRIMARY KEY (`id`);

--
-- Indexes for table `menus`
--
ALTER TABLE `menus`
  ADD PRIMARY KEY (`id`),
  ADD UNIQUE KEY `menus_name_unique` (`name`);

--
-- Indexes for table `menu_items`
--
ALTER TABLE `menu_items`
  ADD PRIMARY KEY (`id`),
  ADD KEY `menu_items_menu_id_foreign` (`menu_id`);

--
-- Indexes for table `migrations`
--
ALTER TABLE `migrations`
  ADD PRIMARY KEY (`id`);

--
-- Indexes for table `pages`
--
ALTER TABLE `pages`
  ADD PRIMARY KEY (`id`),
  ADD UNIQUE KEY `pages_slug_unique` (`slug`);

--
-- Indexes for table `password_resets`
--
ALTER TABLE `password_resets`
  ADD KEY `password_resets_email_index` (`email`);

--
-- Indexes for table `permissions`
--
ALTER TABLE `permissions`
  ADD PRIMARY KEY (`id`),
  ADD KEY `permissions_key_index` (`key`);

--
-- Indexes for table `permission_role`
--
ALTER TABLE `permission_role`
  ADD PRIMARY KEY (`permission_id`,`role_id`),
  ADD KEY `permission_role_permission_id_index` (`permission_id`),
  ADD KEY `permission_role_role_id_index` (`role_id`);

--
-- Indexes for table `posts`
--
ALTER TABLE `posts`
  ADD PRIMARY KEY (`id`),
  ADD UNIQUE KEY `posts_slug_unique` (`slug`);

--
-- Indexes for table `provinces`
--
ALTER TABLE `provinces`
  ADD PRIMARY KEY (`id`);

--
-- Indexes for table `reviews`
--
ALTER TABLE `reviews`
  ADD PRIMARY KEY (`id`);

--
-- Indexes for table `roles`
--
ALTER TABLE `roles`
  ADD PRIMARY KEY (`id`),
  ADD UNIQUE KEY `roles_name_unique` (`name`);

--
-- Indexes for table `settings`
--
ALTER TABLE `settings`
  ADD PRIMARY KEY (`id`),
  ADD UNIQUE KEY `settings_key_unique` (`key`);

--
-- Indexes for table `tourist_attractions`
--
ALTER TABLE `tourist_attractions`
  ADD PRIMARY KEY (`id`);

--
-- Indexes for table `translations`
--
ALTER TABLE `translations`
  ADD PRIMARY KEY (`id`),
  ADD UNIQUE KEY `translations_table_name_column_name_foreign_key_locale_unique` (`table_name`,`column_name`,`foreign_key`,`locale`);

--
-- Indexes for table `users`
--
ALTER TABLE `users`
  ADD PRIMARY KEY (`id`),
  ADD UNIQUE KEY `users_email_unique` (`email`),
  ADD KEY `users_role_id_foreign` (`role_id`);

--
-- Indexes for table `user_roles`
--
ALTER TABLE `user_roles`
  ADD PRIMARY KEY (`user_id`,`role_id`),
  ADD KEY `user_roles_user_id_index` (`user_id`),
  ADD KEY `user_roles_role_id_index` (`role_id`);

--
-- AUTO_INCREMENT for dumped tables
--

--
-- AUTO_INCREMENT for table `categories`
--
ALTER TABLE `categories`
  MODIFY `id` int(10) UNSIGNED NOT NULL AUTO_INCREMENT, AUTO_INCREMENT=6;

--
-- AUTO_INCREMENT for table `comments`
--
ALTER TABLE `comments`
  MODIFY `id` int(10) UNSIGNED NOT NULL AUTO_INCREMENT, AUTO_INCREMENT=36;

--
-- AUTO_INCREMENT for table `data_rows`
--
ALTER TABLE `data_rows`
  MODIFY `id` int(10) UNSIGNED NOT NULL AUTO_INCREMENT, AUTO_INCREMENT=103;

--
-- AUTO_INCREMENT for table `data_types`
--
ALTER TABLE `data_types`
  MODIFY `id` int(10) UNSIGNED NOT NULL AUTO_INCREMENT, AUTO_INCREMENT=11;

--
-- AUTO_INCREMENT for table `failed_jobs`
--
ALTER TABLE `failed_jobs`
  MODIFY `id` bigint(20) UNSIGNED NOT NULL AUTO_INCREMENT;

--
-- AUTO_INCREMENT for table `hostels`
--
ALTER TABLE `hostels`
  MODIFY `id` int(10) UNSIGNED NOT NULL AUTO_INCREMENT, AUTO_INCREMENT=7;

--
-- AUTO_INCREMENT for table `menus`
--
ALTER TABLE `menus`
  MODIFY `id` int(10) UNSIGNED NOT NULL AUTO_INCREMENT, AUTO_INCREMENT=2;

--
-- AUTO_INCREMENT for table `menu_items`
--
ALTER TABLE `menu_items`
  MODIFY `id` int(10) UNSIGNED NOT NULL AUTO_INCREMENT, AUTO_INCREMENT=20;

--
-- AUTO_INCREMENT for table `migrations`
--
ALTER TABLE `migrations`
  MODIFY `id` int(10) UNSIGNED NOT NULL AUTO_INCREMENT, AUTO_INCREMENT=28;

--
-- AUTO_INCREMENT for table `pages`
--
ALTER TABLE `pages`
  MODIFY `id` int(10) UNSIGNED NOT NULL AUTO_INCREMENT, AUTO_INCREMENT=2;

--
-- AUTO_INCREMENT for table `permissions`
--
ALTER TABLE `permissions`
  MODIFY `id` bigint(20) UNSIGNED NOT NULL AUTO_INCREMENT, AUTO_INCREMENT=62;

--
-- AUTO_INCREMENT for table `posts`
--
ALTER TABLE `posts`
  MODIFY `id` int(10) UNSIGNED NOT NULL AUTO_INCREMENT, AUTO_INCREMENT=5;

--
-- AUTO_INCREMENT for table `provinces`
--
ALTER TABLE `provinces`
  MODIFY `id` int(10) UNSIGNED NOT NULL AUTO_INCREMENT, AUTO_INCREMENT=4;

--
-- AUTO_INCREMENT for table `reviews`
--
ALTER TABLE `reviews`
  MODIFY `id` int(10) UNSIGNED NOT NULL AUTO_INCREMENT, AUTO_INCREMENT=7;

--
-- AUTO_INCREMENT for table `roles`
--
ALTER TABLE `roles`
  MODIFY `id` bigint(20) UNSIGNED NOT NULL AUTO_INCREMENT, AUTO_INCREMENT=3;

--
-- AUTO_INCREMENT for table `settings`
--
ALTER TABLE `settings`
  MODIFY `id` int(10) UNSIGNED NOT NULL AUTO_INCREMENT, AUTO_INCREMENT=15;

--
-- AUTO_INCREMENT for table `tourist_attractions`
--
ALTER TABLE `tourist_attractions`
  MODIFY `id` int(10) UNSIGNED NOT NULL AUTO_INCREMENT, AUTO_INCREMENT=91;

--
-- AUTO_INCREMENT for table `translations`
--
ALTER TABLE `translations`
  MODIFY `id` int(10) UNSIGNED NOT NULL AUTO_INCREMENT, AUTO_INCREMENT=31;

--
-- AUTO_INCREMENT for table `users`
--
ALTER TABLE `users`
  MODIFY `id` bigint(20) UNSIGNED NOT NULL AUTO_INCREMENT, AUTO_INCREMENT=16;

--
-- Constraints for dumped tables
--

--
-- Constraints for table `data_rows`
--
ALTER TABLE `data_rows`
  ADD CONSTRAINT `data_rows_data_type_id_foreign` FOREIGN KEY (`data_type_id`) REFERENCES `data_types` (`id`) ON DELETE CASCADE ON UPDATE CASCADE;

--
-- Constraints for table `menu_items`
--
ALTER TABLE `menu_items`
  ADD CONSTRAINT `menu_items_menu_id_foreign` FOREIGN KEY (`menu_id`) REFERENCES `menus` (`id`) ON DELETE CASCADE;

--
-- Constraints for table `permission_role`
--
ALTER TABLE `permission_role`
  ADD CONSTRAINT `permission_role_permission_id_foreign` FOREIGN KEY (`permission_id`) REFERENCES `permissions` (`id`) ON DELETE CASCADE,
  ADD CONSTRAINT `permission_role_role_id_foreign` FOREIGN KEY (`role_id`) REFERENCES `roles` (`id`) ON DELETE CASCADE;

--
-- Constraints for table `users`
--
ALTER TABLE `users`
  ADD CONSTRAINT `users_role_id_foreign` FOREIGN KEY (`role_id`) REFERENCES `roles` (`id`);

--
-- Constraints for table `user_roles`
--
ALTER TABLE `user_roles`
  ADD CONSTRAINT `user_roles_role_id_foreign` FOREIGN KEY (`role_id`) REFERENCES `roles` (`id`) ON DELETE CASCADE,
  ADD CONSTRAINT `user_roles_user_id_foreign` FOREIGN KEY (`user_id`) REFERENCES `users` (`id`) ON DELETE CASCADE;
COMMIT;

/*!40101 SET CHARACTER_SET_CLIENT=@OLD_CHARACTER_SET_CLIENT */;
/*!40101 SET CHARACTER_SET_RESULTS=@OLD_CHARACTER_SET_RESULTS */;
/*!40101 SET COLLATION_CONNECTION=@OLD_COLLATION_CONNECTION */;
